,Predictions
2021-11-01 00:00:00,25917.523
2021-11-01 00:20:00,20025.107
2021-11-01 00:40:00,24400.164
2021-11-01 01:00:00,20213.43
2021-11-01 01:20:00,15381.781
2021-11-01 01:40:00,22819.629
2021-11-01 02:00:00,21728.74
2021-11-01 02:20:00,25022.387
2021-11-01 02:40:00,22777.29
2021-11-01 03:00:00,23840.021
2021-11-01 03:20:00,21385.67
2021-11-01 03:40:00,24671.535
2021-11-01 04:00:00,18896.803
2021-11-01 04:20:00,21532.678
2021-11-01 04:40:00,24654.121
2021-11-01 05:00:00,26888.143
2021-11-01 05:20:00,24322.85
2021-11-01 05:40:00,23532.537
2021-11-01 06:00:00,24676.309
2021-11-01 06:20:00,22810.143
2021-11-01 06:40:00,19761.252
2021-11-01 07:00:00,24969.86
2021-11-01 07:20:00,15115.752
2021-11-01 07:40:00,25490.072
2021-11-01 08:00:00,26416.307
2021-11-01 08:20:00,26950.445
2021-11-01 08:40:00,25846.21
2021-11-01 09:00:00,26448.807
2021-11-01 09:20:00,23668.113
2021-11-01 09:40:00,15680.128
2021-11-01 10:00:00,24029.13
2021-11-01 10:20:00,25280.744
2021-11-01 10:40:00,24951.844
2021-11-01 11:00:00,22505.564
2021-11-01 11:20:00,17367.084
2021-11-01 11:40:00,15677.452
2021-11-01 12:00:00,15403.998
2021-11-01 12:20:00,25028.408
2021-11-01 12:40:00,20938.906
2021-11-01 13:00:00,24046.191
2021-11-01 13:20:00,24352.246
2021-11-01 13:40:00,23441.982
2021-11-01 14:00:00,15070.683
2021-11-01 14:20:00,26098.82
2021-11-01 14:40:00,22964.412
2021-11-01 15:00:00,19073.025
2021-11-01 15:20:00,22606.098
2021-11-01 15:40:00,21282.918
2021-11-01 16:00:00,23162.305
2021-11-01 16:20:00,25037.936
2021-11-01 16:40:00,26769.53
2021-11-01 17:00:00,20376.39
2021-11-01 17:20:00,18993.346
2021-11-01 17:40:00,20101.71
2021-11-01 18:00:00,25691.342
2021-11-01 18:20:00,21014.48
2021-11-01 18:40:00,15689.59
2021-11-01 19:00:00,24600.77
2021-11-01 19:20:00,18382.338
2021-11-01 19:40:00,18391.701
2021-11-01 20:00:00,25672.951
2021-11-01 20:20:00,18890.72
2021-11-01 20:40:00,25401.018
2021-11-01 21:00:00,15679.158
2021-11-01 21:20:00,23648.322
2021-11-01 21:40:00,20589.0
2021-11-01 22:00:00,21722.678
2021-11-01 22:20:00,26271.988
2021-11-01 22:40:00,24949.104
2021-11-01 23:00:00,18249.984
2021-11-01 23:20:00,22840.537
2021-11-01 23:40:00,24314.85
2021-11-02 00:00:00,21624.44
2021-11-02 00:20:00,19050.3
2021-11-02 00:40:00,22591.936
2021-11-02 01:00:00,25693.523
2021-11-02 01:20:00,24364.25
2021-11-02 01:40:00,22847.658
2021-11-02 02:00:00,25675.387
2021-11-02 02:20:00,19408.012
2021-11-02 02:40:00,25679.158
2021-11-02 03:00:00,24228.982
2021-11-02 03:20:00,22822.643
2021-11-02 03:40:00,22836.92
2021-11-02 04:00:00,19031.926
2021-11-02 04:20:00,24043.53
2021-11-02 04:40:00,18539.627
2021-11-02 05:00:00,19035.186
2021-11-02 05:20:00,25861.414
2021-11-02 05:40:00,16308.054
2021-11-02 06:00:00,19093.62
2021-11-02 06:20:00,23833.676
2021-11-02 06:40:00,19022.72
2021-11-02 07:00:00,17865.621
2021-11-02 07:20:00,19838.395
2021-11-02 07:40:00,15994.1
2021-11-02 08:00:00,24014.03
2021-11-02 08:20:00,19626.682
2021-11-02 08:40:00,14542.717
2021-11-02 09:00:00,23295.191
2021-11-02 09:20:00,23325.357
2021-11-02 09:40:00,23644.445
2021-11-02 10:00:00,20795.549
2021-11-02 10:20:00,23536.379
2021-11-02 10:40:00,24969.656
2021-11-02 11:00:00,22587.074
2021-11-02 11:20:00,20635.658
2021-11-02 11:40:00,20947.346
2021-11-02 12:00:00,25859.697
2021-11-02 12:20:00,24301.385
2021-11-02 12:40:00,15679.897
2021-11-02 13:00:00,22387.688
2021-11-02 13:20:00,15682.491
2021-11-02 13:40:00,20945.707
2021-11-02 14:00:00,23143.62
2021-11-02 14:20:00,24133.656
2021-11-02 14:40:00,15641.995
2021-11-02 15:00:00,23144.68
2021-11-02 15:20:00,26603.768
2021-11-02 15:40:00,21859.93
2021-11-02 16:00:00,25912.188
2021-11-02 16:20:00,18344.938
2021-11-02 16:40:00,18702.34
2021-11-02 17:00:00,21403.592
2021-11-02 17:20:00,20951.295
2021-11-02 17:40:00,18397.361
2021-11-02 18:00:00,23834.176
2021-11-02 18:20:00,25310.314
2021-11-02 18:40:00,15684.363
2021-11-02 19:00:00,25858.156
2021-11-02 19:20:00,24359.904
2021-11-02 19:40:00,26423.56
2021-11-02 20:00:00,18229.225
2021-11-02 20:20:00,16274.486
2021-11-02 20:40:00,17983.09
2021-11-02 21:00:00,26562.463
2021-11-02 21:20:00,17965.695
2021-11-02 21:40:00,20226.262
2021-11-02 22:00:00,18505.117
2021-11-02 22:20:00,18706.367
2021-11-02 22:40:00,15349.203
2021-11-02 23:00:00,22516.438
2021-11-02 23:20:00,15040.251
2021-11-02 23:40:00,16926.646
2021-11-03 00:00:00,15121.958
2021-11-03 00:20:00,21853.123
2021-11-03 00:40:00,23320.234
2021-11-03 01:00:00,22581.283
2021-11-03 01:20:00,24124.639
2021-11-03 01:40:00,22781.809
2021-11-03 02:00:00,16821.127
2021-11-03 02:20:00,25877.85
2021-11-03 02:40:00,22127.217
2021-11-03 03:00:00,22567.674
2021-11-03 03:20:00,24688.375
2021-11-03 03:40:00,19056.182
2021-11-03 04:00:00,23297.389
2021-11-03 04:20:00,16938.998
2021-11-03 04:40:00,19755.697
2021-11-03 05:00:00,21734.543
2021-11-03 05:20:00,23125.76
2021-11-03 05:40:00,17610.416
2021-11-03 06:00:00,18491.215
2021-11-03 06:20:00,14351.101
2021-11-03 06:40:00,17722.11
2021-11-03 07:00:00,23472.19
2021-11-03 07:20:00,24397.338
2021-11-03 07:40:00,15048.123
2021-11-03 08:00:00,19091.07
2021-11-03 08:20:00,22600.256
2021-11-03 08:40:00,21027.4
2021-11-03 09:00:00,14372.05
2021-11-03 09:20:00,24675.354
2021-11-03 09:40:00,20785.541
2021-11-03 10:00:00,22128.043
2021-11-03 10:20:00,21853.096
2021-11-03 10:40:00,23065.973
2021-11-03 11:00:00,25883.174
2021-11-03 11:20:00,22132.355
2021-11-03 11:40:00,23467.053
2021-11-03 12:00:00,25860.38
2021-11-03 12:20:00,17323.26
2021-11-03 12:40:00,15683.974
2021-11-03 13:00:00,15114.41
2021-11-03 13:20:00,23138.215
2021-11-03 13:40:00,20016.389
2021-11-03 14:00:00,17702.822
2021-11-03 14:20:00,26286.691
2021-11-03 14:40:00,18745.814
2021-11-03 15:00:00,23463.287
2021-11-03 15:20:00,22171.303
2021-11-03 15:40:00,22121.107
2021-11-03 16:00:00,23859.717
2021-11-03 16:20:00,22989.059
2021-11-03 16:40:00,23844.873
2021-11-03 17:00:00,20768.598
2021-11-03 17:20:00,26891.273
2021-11-03 17:40:00,21196.514
2021-11-03 18:00:00,21369.342
2021-11-03 18:20:00,16445.783
2021-11-03 18:40:00,24679.746
2021-11-03 19:00:00,21531.385
2021-11-03 19:20:00,23640.96
2021-11-03 19:40:00,22190.102
2021-11-03 20:00:00,18264.049
2021-11-03 20:20:00,15675.281
2021-11-03 20:40:00,21299.74
2021-11-03 21:00:00,15381.999
2021-11-03 21:20:00,20005.74
2021-11-03 21:40:00,21861.01
2021-11-03 22:00:00,14242.841
2021-11-03 22:20:00,23326.441
2021-11-03 22:40:00,23291.082
2021-11-03 23:00:00,24596.479
2021-11-03 23:20:00,21537.371
2021-11-03 23:40:00,16744.902
2021-11-04 00:00:00,18582.75
2021-11-04 00:20:00,22826.107
2021-11-04 00:40:00,25039.332
2021-11-04 01:00:00,20025.062
2021-11-04 01:20:00,21717.518
2021-11-04 01:40:00,21659.234
2021-11-04 02:00:00,26097.654
2021-11-04 02:20:00,23305.277
2021-11-04 02:40:00,21385.426
2021-11-04 03:00:00,27181.547
2021-11-04 03:20:00,23527.848
2021-11-04 03:40:00,22412.152
2021-11-04 04:00:00,16802.932
2021-11-04 04:20:00,20953.598
2021-11-04 04:40:00,22555.576
2021-11-04 05:00:00,17990.533
2021-11-04 05:20:00,18714.865
2021-11-04 05:40:00,22123.986
2021-11-04 06:00:00,18474.227
2021-11-04 06:20:00,24333.604
2021-11-04 06:40:00,21608.756
2021-11-04 07:00:00,17124.842
2021-11-04 07:20:00,15416.697
2021-11-04 07:40:00,15690.482
2021-11-04 08:00:00,21857.203
2021-11-04 08:20:00,25904.07
2021-11-04 08:40:00,23644.113
2021-11-04 09:00:00,23148.861
2021-11-04 09:20:00,23340.959
2021-11-04 09:40:00,23845.822
2021-11-04 10:00:00,17111.656
2021-11-04 10:20:00,22980.791
2021-11-04 10:40:00,15413.625
2021-11-04 11:00:00,21603.568
2021-11-04 11:20:00,23610.656
2021-11-04 11:40:00,23726.863
2021-11-04 12:00:00,23840.252
2021-11-04 12:20:00,25031.975
2021-11-04 12:40:00,23166.006
2021-11-04 13:00:00,24688.191
2021-11-04 13:20:00,16479.59
2021-11-04 13:40:00,19692.639
2021-11-04 14:00:00,24946.086
2021-11-04 14:20:00,13525.316
2021-11-04 14:40:00,17978.89
2021-11-04 15:00:00,25490.44
2021-11-04 15:20:00,17127.623
2021-11-04 15:40:00,24659.924
2021-11-04 16:00:00,22996.346
2021-11-04 16:20:00,26060.82
2021-11-04 16:40:00,26253.953
2021-11-04 17:00:00,26414.652
2021-11-04 17:20:00,22390.729
2021-11-04 17:40:00,16493.18
2021-11-04 18:00:00,16186.494
2021-11-04 18:20:00,22957.436
2021-11-04 18:40:00,24671.95
2021-11-04 19:00:00,18995.545
2021-11-04 19:20:00,19098.086
2021-11-04 19:40:00,22421.734
2021-11-04 20:00:00,18243.11
2021-11-04 20:20:00,26099.56
2021-11-04 20:40:00,15610.901
2021-11-04 21:00:00,15104.88
2021-11-04 21:20:00,15367.965
2021-11-04 21:40:00,17985.941
2021-11-04 22:00:00,16911.074
2021-11-04 22:20:00,15672.862
2021-11-04 22:40:00,16503.629
2021-11-04 23:00:00,24127.492
2021-11-04 23:20:00,26445.855
2021-11-04 23:40:00,26586.373
2021-11-05 00:00:00,24955.668
2021-11-05 00:20:00,23648.303
2021-11-05 00:40:00,24050.42
2021-11-05 01:00:00,23859.213
2021-11-05 01:20:00,17982.14
2021-11-05 01:40:00,15894.548
2021-11-05 02:00:00,21709.871
2021-11-05 02:20:00,22175.273
2021-11-05 02:40:00,22472.86
2021-11-05 03:00:00,25430.553
2021-11-05 03:20:00,22126.447
2021-11-05 03:40:00,17325.805
2021-11-05 04:00:00,24131.262
2021-11-05 04:20:00,20796.77
2021-11-05 04:40:00,16221.9375
2021-11-05 05:00:00,15656.808
2021-11-05 05:20:00,20589.389
2021-11-05 05:40:00,16517.668
2021-11-05 06:00:00,15986.3545
2021-11-05 06:20:00,24346.191
2021-11-05 06:40:00,22770.582
2021-11-05 07:00:00,22128.766
2021-11-05 07:20:00,25861.682
2021-11-05 07:40:00,22410.205
2021-11-05 08:00:00,20971.234
2021-11-05 08:20:00,23844.219
2021-11-05 08:40:00,21713.941
2021-11-05 09:00:00,17895.625
2021-11-05 09:20:00,25403.305
2021-11-05 09:40:00,23844.637
2021-11-05 10:00:00,26259.506
2021-11-05 10:20:00,23117.602
2021-11-05 10:40:00,24362.896
2021-11-05 11:00:00,15102.312
2021-11-05 11:20:00,20769.943
2021-11-05 11:40:00,18260.3
2021-11-05 12:00:00,24273.395
2021-11-05 12:20:00,18589.514
2021-11-05 12:40:00,26435.236
2021-11-05 13:00:00,21863.508
2021-11-05 13:20:00,20121.318
2021-11-05 13:40:00,17318.4
2021-11-05 14:00:00,22608.31
2021-11-05 14:20:00,22130.043
2021-11-05 14:40:00,19684.975
2021-11-05 15:00:00,22483.441
2021-11-05 15:20:00,19672.91
2021-11-05 15:40:00,18492.143
2021-11-05 16:00:00,23643.373
2021-11-05 16:20:00,15628.117
2021-11-05 16:40:00,22169.148
2021-11-05 17:00:00,26793.914
2021-11-05 17:20:00,26076.559
2021-11-05 17:40:00,23849.918
2021-11-05 18:00:00,24213.473
2021-11-05 18:20:00,21021.016
2021-11-05 18:40:00,15683.249
2021-11-05 19:00:00,22422.906
2021-11-05 19:20:00,24961.404
2021-11-05 19:40:00,20997.438
2021-11-05 20:00:00,22143.78
2021-11-05 20:20:00,25395.111
2021-11-05 20:40:00,19874.35
2021-11-05 21:00:00,24968.791
2021-11-05 21:20:00,15362.249
2021-11-05 21:40:00,19354.428
2021-11-05 22:00:00,24956.758
2021-11-05 22:20:00,21576.668
2021-11-05 22:40:00,17912.596
2021-11-05 23:00:00,25696.025
2021-11-05 23:20:00,16815.043
2021-11-05 23:40:00,23143.795
2021-11-06 00:00:00,21386.7
2021-11-06 00:20:00,20932.717
2021-11-06 00:40:00,20212.885
2021-11-06 01:00:00,26286.387
2021-11-06 01:20:00,22132.88
2021-11-06 01:40:00,19219.383
2021-11-06 02:00:00,21860.164
2021-11-06 02:20:00,20003.654
2021-11-06 02:40:00,24684.98
2021-11-06 03:00:00,22846.686
2021-11-06 03:20:00,19752.41
2021-11-06 03:40:00,26248.016
2021-11-06 04:00:00,16912.078
2021-11-06 04:20:00,27073.662
2021-11-06 04:40:00,25482.975
2021-11-06 05:00:00,23449.54
2021-11-06 05:20:00,19350.24
2021-11-06 05:40:00,16456.762
2021-11-06 06:00:00,22972.553
2021-11-06 06:20:00,21721.799
2021-11-06 06:40:00,16925.549
2021-11-06 07:00:00,24058.225
2021-11-06 07:20:00,19720.557
2021-11-06 07:40:00,14059.697
2021-11-06 08:00:00,14576.185
2021-11-06 08:20:00,13506.832
2021-11-06 08:40:00,24966.975
2021-11-06 09:00:00,23849.719
2021-11-06 09:20:00,16874.64
2021-11-06 09:40:00,22814.535
2021-11-06 10:00:00,21473.42
2021-11-06 10:20:00,22397.402
2021-11-06 10:40:00,19389.453
2021-11-06 11:00:00,25866.633
2021-11-06 11:20:00,27480.246
2021-11-06 11:40:00,25667.123
2021-11-06 12:00:00,24292.8
2021-11-06 12:20:00,24992.371
2021-11-06 12:40:00,22990.164
2021-11-06 13:00:00,25648.97
2021-11-06 13:20:00,26946.238
2021-11-06 13:40:00,16943.783
2021-11-06 14:00:00,25863.418
2021-11-06 14:20:00,16331.733
2021-11-06 14:40:00,16001.122
2021-11-06 15:00:00,14299.646
2021-11-06 15:20:00,22162.744
2021-11-06 15:40:00,20001.945
2021-11-06 16:00:00,23445.525
2021-11-06 16:20:00,21385.098
2021-11-06 16:40:00,21885.664
2021-11-06 17:00:00,15413.074
2021-11-06 17:20:00,20039.703
2021-11-06 17:40:00,18568.531
2021-11-06 18:00:00,25262.172
2021-11-06 18:20:00,19107.178
2021-11-06 18:40:00,25907.36
2021-11-06 19:00:00,15387.416
2021-11-06 19:20:00,24319.719
2021-11-06 19:40:00,24306.46
2021-11-06 20:00:00,25673.162
2021-11-06 20:20:00,23644.445
2021-11-06 20:40:00,23118.129
2021-11-06 21:00:00,20716.86
2021-11-06 21:20:00,17989.555
2021-11-06 21:40:00,14275.152
2021-11-06 22:00:00,19425.668
2021-11-06 22:20:00,26707.379
2021-11-06 22:40:00,23448.148
2021-11-06 23:00:00,17291.707
2021-11-06 23:20:00,27195.943
2021-11-06 23:40:00,23318.646
2021-11-07 00:00:00,21532.803
2021-11-07 00:20:00,24178.201
2021-11-07 00:40:00,23649.775
2021-11-07 01:00:00,24230.354
2021-11-07 01:20:00,22576.854
2021-11-07 01:40:00,15678.148
2021-11-07 02:00:00,24059.04
2021-11-07 02:20:00,23453.71
2021-11-07 02:40:00,13810.888
2021-11-07 03:00:00,23138.91
2021-11-07 03:20:00,15655.121
2021-11-07 03:40:00,26764.457
2021-11-07 04:00:00,22974.977
2021-11-07 04:20:00,24983.248
2021-11-07 04:40:00,22814.535
2021-11-07 05:00:00,23755.902
2021-11-07 05:20:00,16411.426
2021-11-07 05:40:00,21861.787
2021-11-07 06:00:00,15665.436
2021-11-07 06:20:00,23662.635
2021-11-07 06:40:00,22628.625
2021-11-07 07:00:00,24126.496
2021-11-07 07:20:00,21170.662
2021-11-07 07:40:00,24669.143
2021-11-07 08:00:00,20926.469
2021-11-07 08:20:00,23317.9
2021-11-07 08:40:00,20408.541
2021-11-07 09:00:00,24683.967
2021-11-07 09:20:00,23139.348
2021-11-07 09:40:00,23127.703
2021-11-07 10:00:00,19041.438
2021-11-07 10:20:00,20622.525
2021-11-07 10:40:00,26418.879
2021-11-07 11:00:00,23612.473
2021-11-07 11:20:00,18455.283
2021-11-07 11:40:00,22512.127
2021-11-07 12:00:00,24580.87
2021-11-07 12:20:00,24054.43
2021-11-07 12:40:00,22134.457
2021-11-07 13:00:00,15418.456
2021-11-07 13:20:00,24622.838
2021-11-07 13:40:00,21403.47
2021-11-07 14:00:00,25495.793
2021-11-07 14:20:00,21833.264
2021-11-07 14:40:00,24301.422
2021-11-07 15:00:00,16294.793
2021-11-07 15:20:00,25662.76
2021-11-07 15:40:00,20945.516
2021-11-07 16:00:00,22562.621
2021-11-07 16:20:00,24624.914
2021-11-07 16:40:00,21852.012
2021-11-07 17:00:00,22112.5
2021-11-07 17:20:00,20783.242
2021-11-07 17:40:00,22163.037
2021-11-07 18:00:00,24317.33
2021-11-07 18:20:00,23119.238
2021-11-07 18:40:00,26038.318
2021-11-07 19:00:00,24685.379
2021-11-07 19:20:00,21208.43
2021-11-07 19:40:00,25663.895
2021-11-07 20:00:00,23097.568
2021-11-07 20:20:00,20937.668
2021-11-07 20:40:00,22971.652
2021-11-07 21:00:00,25274.72
2021-11-07 21:20:00,16483.17
2021-11-07 21:40:00,23329.305
2021-11-07 22:00:00,22150.139
2021-11-07 22:20:00,21029.326
2021-11-07 22:40:00,21862.818
2021-11-07 23:00:00,21545.42
2021-11-07 23:20:00,25700.6
2021-11-07 23:40:00,22629.82
2021-11-08 00:00:00,24673.47
2021-11-08 00:20:00,13389.252
2021-11-08 00:40:00,24333.16
2021-11-08 01:00:00,25494.432
2021-11-08 01:20:00,21358.5
2021-11-08 01:40:00,22799.934
2021-11-08 02:00:00,23624.69
2021-11-08 02:20:00,23147.436
2021-11-08 02:40:00,25907.395
2021-11-08 03:00:00,24949.176
2021-11-08 03:20:00,26951.957
2021-11-08 03:40:00,22837.3
2021-11-08 04:00:00,25327.59
2021-11-08 04:20:00,25003.438
2021-11-08 04:40:00,19998.93
2021-11-08 05:00:00,24963.283
2021-11-08 05:20:00,25907.219
2021-11-08 05:40:00,25696.656
2021-11-08 06:00:00,23843.088
2021-11-08 06:20:00,20731.072
2021-11-08 06:40:00,24376.883
2021-11-08 07:00:00,26110.975
2021-11-08 07:20:00,15675.084
2021-11-08 07:40:00,23848.46
2021-11-08 08:00:00,24596.146
2021-11-08 08:20:00,19082.912
2021-11-08 08:40:00,15681.675
2021-11-08 09:00:00,14076.593
2021-11-08 09:20:00,16322.607
2021-11-08 09:40:00,25469.256
2021-11-08 10:00:00,23326.525
2021-11-08 10:20:00,19712.8
2021-11-08 10:40:00,21002.256
2021-11-08 11:00:00,17713.127
2021-11-08 11:20:00,25433.008
2021-11-08 11:40:00,19985.129
2021-11-08 12:00:00,21851.957
2021-11-08 12:20:00,22590.57
2021-11-08 12:40:00,26577.6
2021-11-08 13:00:00,23146.045
2021-11-08 13:20:00,27183.143
2021-11-08 13:40:00,22785.5
2021-11-08 14:00:00,23145.988
2021-11-08 14:20:00,25871.992
2021-11-08 14:40:00,24177.916
2021-11-08 15:00:00,15399.482
2021-11-08 15:20:00,22816.133
2021-11-08 15:40:00,23765.562
2021-11-08 16:00:00,15420.2
2021-11-08 16:20:00,20018.838
2021-11-08 16:40:00,24946.744
2021-11-08 17:00:00,23665.754
2021-11-08 17:20:00,23163.197
2021-11-08 17:40:00,17699.53
2021-11-08 18:00:00,22981.678
2021-11-08 18:20:00,25924.04
2021-11-08 18:40:00,16817.973
2021-11-08 19:00:00,21296.719
2021-11-08 19:20:00,19369.562
2021-11-08 19:40:00,24960.383
2021-11-08 20:00:00,22408.088
2021-11-08 20:20:00,22116.428
2021-11-08 20:40:00,15985.829
2021-11-08 21:00:00,21018.67
2021-11-08 21:20:00,27084.428
2021-11-08 21:40:00,18733.5
2021-11-08 22:00:00,20629.975
2021-11-08 22:20:00,24957.56
2021-11-08 22:40:00,17751.463
2021-11-08 23:00:00,20597.414
2021-11-08 23:20:00,22945.332
2021-11-08 23:40:00,18011.316
2021-11-09 00:00:00,24657.896
2021-11-09 00:20:00,19035.766
2021-11-09 00:40:00,19645.928
2021-11-09 01:00:00,19667.0
2021-11-09 01:20:00,15096.913
2021-11-09 01:40:00,21625.75
2021-11-09 02:00:00,19230.623
2021-11-09 02:20:00,20405.7
2021-11-09 02:40:00,17577.71
2021-11-09 03:00:00,25669.088
2021-11-09 03:20:00,16520.123
2021-11-09 03:40:00,14169.745
2021-11-09 04:00:00,25687.135
2021-11-09 04:20:00,13810.45
2021-11-09 04:40:00,21132.406
2021-11-09 05:00:00,20245.076
2021-11-09 05:20:00,22820.889
2021-11-09 05:40:00,25898.479
2021-11-09 06:00:00,22974.178
2021-11-09 06:20:00,24049.488
2021-11-09 06:40:00,18211.28
2021-11-09 07:00:00,25914.986
2021-11-09 07:20:00,22917.652
2021-11-09 07:40:00,24062.545
2021-11-09 08:00:00,22823.625
2021-11-09 08:20:00,25902.371
2021-11-09 08:40:00,19654.793
2021-11-09 09:00:00,21378.918
2021-11-09 09:20:00,24692.57
2021-11-09 09:40:00,24049.178
2021-11-09 10:00:00,22476.373
2021-11-09 10:20:00,15697.461
2021-11-09 10:40:00,15974.27
2021-11-09 11:00:00,17327.828
2021-11-09 11:20:00,24049.223
2021-11-09 11:40:00,23145.365
2021-11-09 12:00:00,25408.648
2021-11-09 12:20:00,26551.715
2021-11-09 12:40:00,24342.97
2021-11-09 13:00:00,24214.176
2021-11-09 13:20:00,24622.436
2021-11-09 13:40:00,26882.918
2021-11-09 14:00:00,25015.074
2021-11-09 14:20:00,25039.832
2021-11-09 14:40:00,26261.887
2021-11-09 15:00:00,24385.379
2021-11-09 15:20:00,17313.318
2021-11-09 15:40:00,22136.867
2021-11-09 16:00:00,26544.54
2021-11-09 16:20:00,17974.639
2021-11-09 16:40:00,23519.188
2021-11-09 17:00:00,24221.533
2021-11-09 17:20:00,19387.691
2021-11-09 17:40:00,26037.701
2021-11-09 18:00:00,22808.13
2021-11-09 18:20:00,23840.178
2021-11-09 18:40:00,26057.021
2021-11-09 19:00:00,15642.411
2021-11-09 19:20:00,21367.275
2021-11-09 19:40:00,16917.838
2021-11-09 20:00:00,26693.975
2021-11-09 20:20:00,15668.954
2021-11-09 20:40:00,21395.773
2021-11-09 21:00:00,17466.725
2021-11-09 21:20:00,21695.97
2021-11-09 21:40:00,16806.715
2021-11-09 22:00:00,26592.584
2021-11-09 22:20:00,23450.049
2021-11-09 22:40:00,24315.963
2021-11-09 23:00:00,16303.7
2021-11-09 23:20:00,19731.457
2021-11-09 23:40:00,19705.105
2021-11-10 00:00:00,21220.281
2021-11-10 00:20:00,21002.562
2021-11-10 00:40:00,16948.426
2021-11-10 01:00:00,21375.42
2021-11-10 01:20:00,24206.982
2021-11-10 01:40:00,24062.023
2021-11-10 02:00:00,17085.82
2021-11-10 02:20:00,24653.096
2021-11-10 02:40:00,17642.969
2021-11-10 03:00:00,26770.25
2021-11-10 03:20:00,23121.467
2021-11-10 03:40:00,22644.9
2021-11-10 04:00:00,15399.294
2021-11-10 04:20:00,21869.332
2021-11-10 04:40:00,26061.154
2021-11-10 05:00:00,23432.26
2021-11-10 05:20:00,22968.666
2021-11-10 05:40:00,22609.334
2021-11-10 06:00:00,22301.576
2021-11-10 06:20:00,23687.232
2021-11-10 06:40:00,16795.61
2021-11-10 07:00:00,10648.057
2021-11-10 07:20:00,14615.429
2021-11-10 07:40:00,19595.195
2021-11-10 08:00:00,15102.61
2021-11-10 08:20:00,21112.584
2021-11-10 08:40:00,16473.014
2021-11-10 09:00:00,16490.838
2021-11-10 09:20:00,17508.94
2021-11-10 09:40:00,22954.162
2021-11-10 10:00:00,22411.205
2021-11-10 10:20:00,21204.436
2021-11-10 10:40:00,14104.22
2021-11-10 11:00:00,13507.471
2021-11-10 11:20:00,22953.12
2021-11-10 11:40:00,15996.572
2021-11-10 12:00:00,22175.486
2021-11-10 12:20:00,24521.48
2021-11-10 12:40:00,23692.973
2021-11-10 13:00:00,22120.285
2021-11-10 13:20:00,23998.7
2021-11-10 13:40:00,17092.031
2021-11-10 14:00:00,18068.818
2021-11-10 14:20:00,20557.125
2021-11-10 14:40:00,25188.094
2021-11-10 15:00:00,27555.695
2021-11-10 15:20:00,24076.027
2021-11-10 15:40:00,24049.02
2021-11-10 16:00:00,15541.175
2021-11-10 16:20:00,11451.861
2021-11-10 16:40:00,23331.738
2021-11-10 17:00:00,19752.695
2021-11-10 17:20:00,19005.795
2021-11-10 17:40:00,15852.308
2021-11-10 18:00:00,18768.068
2021-11-10 18:20:00,20197.574
2021-11-10 18:40:00,25355.627
2021-11-10 19:00:00,25857.543
2021-11-10 19:20:00,23340.23
2021-11-10 19:40:00,24199.625
2021-11-10 20:00:00,18574.873
2021-11-10 20:20:00,18488.291
2021-11-10 20:40:00,20220.676
2021-11-10 21:00:00,25384.094
2021-11-10 21:20:00,20729.426
2021-11-10 21:40:00,25217.363
2021-11-10 22:00:00,18056.656
2021-11-10 22:20:00,22727.797
2021-11-10 22:40:00,16626.312
2021-11-10 23:00:00,21726.707
2021-11-10 23:20:00,17898.438
2021-11-10 23:40:00,14860.946
2021-11-11 00:00:00,23131.516
2021-11-11 00:20:00,24490.18
2021-11-11 00:40:00,15924.63
2021-11-11 01:00:00,8898.149
2021-11-11 01:20:00,25357.266
2021-11-11 01:40:00,24375.852
2021-11-11 02:00:00,16518.604
2021-11-11 02:20:00,18074.627
2021-11-11 02:40:00,15532.16
2021-11-11 03:00:00,23639.61
2021-11-11 03:20:00,20729.547
2021-11-11 03:40:00,24739.617
2021-11-11 04:00:00,18511.625
2021-11-11 04:20:00,18910.965
2021-11-11 04:40:00,20141.06
2021-11-11 05:00:00,22079.225
2021-11-11 05:20:00,24045.857
2021-11-11 05:40:00,24845.918
2021-11-11 06:00:00,15860.9
2021-11-11 06:20:00,24195.861
2021-11-11 06:40:00,22516.018
2021-11-11 07:00:00,26341.908
2021-11-11 07:20:00,19790.291
2021-11-11 07:40:00,18226.748
2021-11-11 08:00:00,15138.796
2021-11-11 08:20:00,17434.977
2021-11-11 08:40:00,10972.434
2021-11-11 09:00:00,18944.023
2021-11-11 09:20:00,23426.88
2021-11-11 09:40:00,23155.367
2021-11-11 10:00:00,25074.17
2021-11-11 10:20:00,27093.62
2021-11-11 10:40:00,25224.01
2021-11-11 11:00:00,15177.051
2021-11-11 11:20:00,8924.25
2021-11-11 11:40:00,12344.251
2021-11-11 12:00:00,23624.35
2021-11-11 12:20:00,24852.592
2021-11-11 12:40:00,9735.023
2021-11-11 13:00:00,15876.373
2021-11-11 13:20:00,25073.94
2021-11-11 13:40:00,17897.94
2021-11-11 14:00:00,22721.834
2021-11-11 14:20:00,23448.209
2021-11-11 14:40:00,19902.95
2021-11-11 15:00:00,23826.873
2021-11-11 15:20:00,20426.65
2021-11-11 15:40:00,21139.236
2021-11-11 16:00:00,10703.471
2021-11-11 16:20:00,14182.507
2021-11-11 16:40:00,12471.844
2021-11-11 17:00:00,21660.041
2021-11-11 17:20:00,13289.583
2021-11-11 17:40:00,18494.16
2021-11-11 18:00:00,24851.736
2021-11-11 18:20:00,10115.031
2021-11-11 18:40:00,20383.984
2021-11-11 19:00:00,15073.136
2021-11-11 19:20:00,27114.135
2021-11-11 19:40:00,20188.658
2021-11-11 20:00:00,21779.873
2021-11-11 20:20:00,12371.422
2021-11-11 20:40:00,22848.604
2021-11-11 21:00:00,19585.441
2021-11-11 21:20:00,25148.748
2021-11-11 21:40:00,22341.74
2021-11-11 22:00:00,25922.732
2021-11-11 22:20:00,25001.586
2021-11-11 22:40:00,15170.0
2021-11-11 23:00:00,20750.787
2021-11-11 23:20:00,24662.541
2021-11-11 23:40:00,24044.861
2021-11-12 00:00:00,16492.72
2021-11-12 00:20:00,18500.553
2021-11-12 00:40:00,16514.113
2021-11-12 01:00:00,25078.082
2021-11-12 01:20:00,18291.27
2021-11-12 01:40:00,19003.701
2021-11-12 02:00:00,22823.496
2021-11-12 02:20:00,18246.621
2021-11-12 02:40:00,18278.893
2021-11-12 03:00:00,20114.006
2021-11-12 03:20:00,20392.953
2021-11-12 03:40:00,25073.832
2021-11-12 04:00:00,24497.883
2021-11-12 04:20:00,16609.082
2021-11-12 04:40:00,22122.527
2021-11-12 05:00:00,24666.557
2021-11-12 05:20:00,18548.637
2021-11-12 05:40:00,19755.693
2021-11-12 06:00:00,24856.896
2021-11-12 06:20:00,19494.42
2021-11-12 06:40:00,17658.838
2021-11-12 07:00:00,17862.66
2021-11-12 07:20:00,24483.082
2021-11-12 07:40:00,23333.11
2021-11-12 08:00:00,18238.818
2021-11-12 08:20:00,22162.537
2021-11-12 08:40:00,16114.157
2021-11-12 09:00:00,26377.85
2021-11-12 09:20:00,14587.308
2021-11-12 09:40:00,24203.842
2021-11-12 10:00:00,18803.73
2021-11-12 10:20:00,25225.32
2021-11-12 10:40:00,14300.973
2021-11-12 11:00:00,14567.34
2021-11-12 11:20:00,24130.018
2021-11-12 11:40:00,18813.787
2021-11-12 12:00:00,15067.3545
2021-11-12 12:20:00,14867.121
2021-11-12 12:40:00,21673.75
2021-11-12 13:00:00,24199.99
2021-11-12 13:20:00,18853.861
2021-11-12 13:40:00,12125.215
2021-11-12 14:00:00,17752.324
2021-11-12 14:20:00,9265.092
2021-11-12 14:40:00,17669.365
2021-11-12 15:00:00,22598.758
2021-11-12 15:20:00,21303.64
2021-11-12 15:40:00,20514.021
2021-11-12 16:00:00,14598.903
2021-11-12 16:20:00,19717.215
2021-11-12 16:40:00,22861.354
2021-11-12 17:00:00,22770.01
2021-11-12 17:20:00,22621.176
2021-11-12 17:40:00,21090.938
2021-11-12 18:00:00,20180.709
2021-11-12 18:20:00,26151.566
2021-11-12 18:40:00,16733.354
2021-11-12 19:00:00,25560.336
2021-11-12 19:20:00,17093.137
2021-11-12 19:40:00,15548.475
2021-11-12 20:00:00,14630.893
2021-11-12 20:20:00,20392.215
2021-11-12 20:40:00,21912.629
2021-11-12 21:00:00,25633.629
2021-11-12 21:20:00,17870.033
2021-11-12 21:40:00,12796.797
2021-11-12 22:00:00,24057.857
2021-11-12 22:20:00,22752.455
2021-11-12 22:40:00,20366.562
2021-11-12 23:00:00,17381.148
2021-11-12 23:20:00,18582.383
2021-11-12 23:40:00,22733.908
2021-11-13 00:00:00,23325.42
2021-11-13 00:20:00,16509.586
2021-11-13 00:40:00,13379.319
2021-11-13 01:00:00,24993.17
2021-11-13 01:20:00,21651.848
2021-11-13 01:40:00,21144.078
2021-11-13 02:00:00,23415.275
2021-11-13 02:20:00,24068.287
2021-11-13 02:40:00,14770.644
2021-11-13 03:00:00,18252.146
2021-11-13 03:20:00,14556.033
2021-11-13 03:40:00,20567.422
2021-11-13 04:00:00,17553.746
2021-11-13 04:20:00,23645.172
2021-11-13 04:40:00,23651.014
2021-11-13 05:00:00,19899.01
2021-11-13 05:20:00,16068.991
2021-11-13 05:40:00,22410.578
2021-11-13 06:00:00,19561.902
2021-11-13 06:20:00,25932.924
2021-11-13 06:40:00,18272.836
2021-11-13 07:00:00,22592.012
2021-11-13 07:20:00,23688.719
2021-11-13 07:40:00,17935.547
2021-11-13 08:00:00,23404.078
2021-11-13 08:20:00,20740.11
2021-11-13 08:40:00,19782.092
2021-11-13 09:00:00,9814.001
2021-11-13 09:20:00,8824.589
2021-11-13 09:40:00,21029.355
2021-11-13 10:00:00,15863.132
2021-11-13 10:20:00,24377.713
2021-11-13 10:40:00,12601.589
2021-11-13 11:00:00,16960.121
2021-11-13 11:20:00,21755.93
2021-11-13 11:40:00,24041.918
2021-11-13 12:00:00,22337.357
2021-11-13 12:20:00,18957.584
2021-11-13 12:40:00,14855.444
2021-11-13 13:00:00,14202.122
2021-11-13 13:20:00,18177.1
2021-11-13 13:40:00,18953.297
2021-11-13 14:00:00,23615.088
2021-11-13 14:20:00,21562.666
2021-11-13 14:40:00,21123.701
2021-11-13 15:00:00,22516.018
2021-11-13 15:20:00,25834.03
2021-11-13 15:40:00,23680.734
2021-11-13 16:00:00,15201.731
2021-11-13 16:20:00,25932.588
2021-11-13 16:40:00,22867.074
2021-11-13 17:00:00,18055.035
2021-11-13 17:20:00,12402.673
2021-11-13 17:40:00,21338.11
2021-11-13 18:00:00,25355.627
2021-11-13 18:20:00,20181.547
2021-11-13 18:40:00,20721.01
2021-11-13 19:00:00,24850.85
2021-11-13 19:20:00,24378.016
2021-11-13 19:40:00,24039.738
2021-11-13 20:00:00,18213.105
2021-11-13 20:20:00,15136.431
2021-11-13 20:40:00,21894.326
2021-11-13 21:00:00,23331.678
2021-11-13 21:20:00,11159.128
2021-11-13 21:40:00,20113.352
2021-11-13 22:00:00,15918.465
2021-11-13 22:20:00,21184.63
2021-11-13 22:40:00,26166.115
2021-11-13 23:00:00,26146.287
2021-11-13 23:20:00,19735.494
2021-11-13 23:40:00,14842.86
2021-11-14 00:00:00,20422.73
2021-11-14 00:20:00,14599.89
2021-11-14 00:40:00,11530.611
2021-11-14 01:00:00,16512.576
2021-11-14 01:20:00,21014.16
2021-11-14 01:40:00,24074.783
2021-11-14 02:00:00,13282.383
2021-11-14 02:20:00,24659.674
2021-11-14 02:40:00,24853.916
2021-11-14 03:00:00,9182.313
2021-11-14 03:20:00,20736.436
2021-11-14 03:40:00,13643.221
2021-11-14 04:00:00,25649.629
2021-11-14 04:20:00,22627.865
2021-11-14 04:40:00,25631.824
2021-11-14 05:00:00,23819.904
2021-11-14 05:20:00,22323.434
2021-11-14 05:40:00,18063.059
2021-11-14 06:00:00,16092.592
2021-11-14 06:20:00,11967.913
2021-11-14 06:40:00,20072.229
2021-11-14 07:00:00,24195.57
2021-11-14 07:20:00,17394.639
2021-11-14 07:40:00,24595.883
2021-11-14 08:00:00,22330.104
2021-11-14 08:20:00,17542.684
2021-11-14 08:40:00,21104.97
2021-11-14 09:00:00,14251.949
2021-11-14 09:20:00,20525.088
2021-11-14 09:40:00,21604.053
2021-11-14 10:00:00,18993.209
2021-11-14 10:20:00,17263.314
2021-11-14 10:40:00,21675.295
2021-11-14 11:00:00,16588.395
2021-11-14 11:20:00,20730.09
2021-11-14 11:40:00,25372.854
2021-11-14 12:00:00,20744.738
2021-11-14 12:20:00,26359.422
2021-11-14 12:40:00,23425.535
2021-11-14 13:00:00,17890.537
2021-11-14 13:20:00,19284.865
2021-11-14 13:40:00,20107.709
2021-11-14 14:00:00,19268.977
2021-11-14 14:20:00,25573.396
2021-11-14 14:40:00,13261.158
2021-11-14 15:00:00,17016.785
2021-11-14 15:20:00,26148.361
2021-11-14 15:40:00,25191.1
2021-11-14 16:00:00,19894.844
2021-11-14 16:20:00,13056.151
2021-11-14 16:40:00,21329.518
2021-11-14 17:00:00,22963.303
2021-11-14 17:20:00,25376.969
2021-11-14 17:40:00,25186.004
2021-11-14 18:00:00,11397.381
2021-11-14 18:20:00,22774.326
2021-11-14 18:40:00,22412.47
2021-11-14 19:00:00,26345.688
2021-11-14 19:20:00,18999.855
2021-11-14 19:40:00,10995.921
2021-11-14 20:00:00,19732.977
2021-11-14 20:20:00,23810.152
2021-11-14 20:40:00,14661.702
2021-11-14 21:00:00,11454.339
2021-11-14 21:20:00,18490.816
2021-11-14 21:40:00,23672.814
2021-11-14 22:00:00,19269.635
2021-11-14 22:20:00,23601.797
2021-11-14 22:40:00,21771.328
2021-11-14 23:00:00,25848.666
2021-11-14 23:20:00,18950.889
2021-11-14 23:40:00,17854.252
2021-11-15 00:00:00,23169.729
2021-11-15 00:20:00,21767.352
2021-11-15 00:40:00,24655.396
2021-11-15 01:00:00,17570.453
2021-11-15 01:20:00,18066.842
2021-11-15 01:40:00,17673.262
2021-11-15 02:00:00,15200.588
2021-11-15 02:20:00,25825.902
2021-11-15 02:40:00,15867.445
2021-11-15 03:00:00,16810.932
2021-11-15 03:20:00,13723.851
2021-11-15 03:40:00,21831.953
2021-11-15 04:00:00,13749.823
2021-11-15 04:20:00,25367.24
2021-11-15 04:40:00,26168.244
2021-11-15 05:00:00,19597.611
2021-11-15 05:20:00,12524.413
2021-11-15 05:40:00,15864.942
2021-11-15 06:00:00,10502.963
2021-11-15 06:20:00,21599.018
2021-11-15 06:40:00,23822.254
2021-11-15 07:00:00,23150.768
2021-11-15 07:20:00,20190.285
2021-11-15 07:40:00,21777.898
2021-11-15 08:00:00,17671.213
2021-11-15 08:20:00,18546.494
2021-11-15 08:40:00,21651.877
2021-11-15 09:00:00,13567.248
2021-11-15 09:20:00,13661.8
2021-11-15 09:40:00,24063.725
2021-11-15 10:00:00,19502.217
2021-11-15 10:20:00,15931.836
2021-11-15 10:40:00,23646.992
2021-11-15 11:00:00,24477.492
2021-11-15 11:20:00,22856.559
2021-11-15 11:40:00,10992.064
2021-11-15 12:00:00,15912.036
2021-11-15 12:20:00,24523.152
2021-11-15 12:40:00,18795.049
2021-11-15 13:00:00,21344.879
2021-11-15 13:20:00,24852.451
2021-11-15 13:40:00,24386.158
2021-11-15 14:00:00,19220.555
2021-11-15 14:20:00,23827.062
2021-11-15 14:40:00,19539.738
2021-11-15 15:00:00,20183.73
2021-11-15 15:20:00,21207.281
2021-11-15 15:40:00,24074.867
2021-11-15 16:00:00,14289.797
2021-11-15 16:20:00,13715.358
2021-11-15 16:40:00,15872.562
2021-11-15 17:00:00,21127.277
2021-11-15 17:20:00,24118.594
2021-11-15 17:40:00,19238.371
2021-11-15 18:00:00,24851.926
2021-11-15 18:20:00,23687.121
2021-11-15 18:40:00,23160.037
2021-11-15 19:00:00,24387.568
2021-11-15 19:20:00,20026.588
2021-11-15 19:40:00,22335.031
2021-11-15 20:00:00,14573.268
2021-11-15 20:20:00,21335.16
2021-11-15 20:40:00,21182.732
2021-11-15 21:00:00,16678.713
2021-11-15 21:20:00,20440.914
2021-11-15 21:40:00,23644.834
2021-11-15 22:00:00,9353.189
2021-11-15 22:20:00,25380.512
2021-11-15 22:40:00,19257.312
2021-11-15 23:00:00,20434.857
2021-11-15 23:20:00,23763.906
2021-11-15 23:40:00,26963.97
2021-11-16 00:00:00,19536.238
2021-11-16 00:20:00,22856.832
2021-11-16 00:40:00,22755.006
2021-11-16 01:00:00,16698.682
2021-11-16 01:20:00,24136.023
2021-11-16 01:40:00,12096.133
2021-11-16 02:00:00,17398.871
2021-11-16 02:20:00,24665.729
2021-11-16 02:40:00,19596.62
2021-11-16 03:00:00,18567.62
2021-11-16 03:20:00,13284.883
2021-11-16 03:40:00,15132.855
2021-11-16 04:00:00,20721.678
2021-11-16 04:20:00,18569.48
2021-11-16 04:40:00,19268.055
2021-11-16 05:00:00,19264.723
2021-11-16 05:20:00,21003.902
2021-11-16 05:40:00,23410.31
2021-11-16 06:00:00,16507.979
2021-11-16 06:20:00,11517.554
2021-11-16 06:40:00,20876.584
2021-11-16 07:00:00,20028.695
2021-11-16 07:20:00,16456.445
2021-11-16 07:40:00,14540.684
2021-11-16 08:00:00,25194.383
2021-11-16 08:20:00,25632.19
2021-11-16 08:40:00,24514.896
2021-11-16 09:00:00,22349.09
2021-11-16 09:20:00,23427.627
2021-11-16 09:40:00,20717.934
2021-11-16 10:00:00,20126.23
2021-11-16 10:20:00,23669.473
2021-11-16 10:40:00,21284.184
2021-11-16 11:00:00,25635.5
2021-11-16 11:20:00,15229.42
2021-11-16 11:40:00,22769.8
2021-11-16 12:00:00,24189.576
2021-11-16 12:20:00,12026.309
2021-11-16 12:40:00,18963.848
2021-11-16 13:00:00,25351.355
2021-11-16 13:20:00,12065.058
2021-11-16 13:40:00,18057.006
2021-11-16 14:00:00,25000.51
2021-11-16 14:20:00,15926.162
2021-11-16 14:40:00,20749.705
2021-11-16 15:00:00,16981.584
2021-11-16 15:20:00,23453.457
2021-11-16 15:40:00,16693.354
2021-11-16 16:00:00,24854.408
2021-11-16 16:20:00,18269.533
2021-11-16 16:40:00,19266.197
2021-11-16 17:00:00,26155.21
2021-11-16 17:20:00,20127.219
2021-11-16 17:40:00,21113.088
2021-11-16 18:00:00,11830.231
2021-11-16 18:20:00,14483.635
2021-11-16 18:40:00,16704.918
2021-11-16 19:00:00,16470.227
2021-11-16 19:20:00,24202.504
2021-11-16 19:40:00,15937.714
2021-11-16 20:00:00,15272.042
2021-11-16 20:20:00,22845.498
2021-11-16 20:40:00,11261.631
2021-11-16 21:00:00,11237.613
2021-11-16 21:20:00,22281.832
2021-11-16 21:40:00,12978.648
2021-11-16 22:00:00,16488.977
2021-11-16 22:20:00,24397.418
2021-11-16 22:40:00,13316.753
2021-11-16 23:00:00,20542.76
2021-11-16 23:20:00,17306.307
2021-11-16 23:40:00,22621.701
2021-11-17 00:00:00,24845.365
2021-11-17 00:20:00,14250.876
2021-11-17 00:40:00,18052.387
2021-11-17 01:00:00,18634.566
2021-11-17 01:20:00,21123.588
2021-11-17 01:40:00,22334.082
2021-11-17 02:00:00,12487.177
2021-11-17 02:20:00,23426.832
2021-11-17 02:40:00,18553.951
2021-11-17 03:00:00,8913.287
2021-11-17 03:20:00,13698.772
2021-11-17 03:40:00,27331.46
2021-11-17 04:00:00,23414.209
2021-11-17 04:20:00,22527.693
2021-11-17 04:40:00,23837.47
2021-11-17 05:00:00,23610.588
2021-11-17 05:20:00,17645.969
2021-11-17 05:40:00,22318.178
2021-11-17 06:00:00,16755.326
2021-11-17 06:20:00,18828.979
2021-11-17 06:40:00,24454.057
2021-11-17 07:00:00,15858.131
2021-11-17 07:20:00,18563.672
2021-11-17 07:40:00,8834.086
2021-11-17 08:00:00,12434.167
2021-11-17 08:20:00,14253.979
2021-11-17 08:40:00,23158.273
2021-11-17 09:00:00,18267.473
2021-11-17 09:20:00,23828.176
2021-11-17 09:40:00,13645.164
2021-11-17 10:00:00,23146.695
2021-11-17 10:20:00,14575.271
2021-11-17 10:40:00,17758.527
2021-11-17 11:00:00,22931.494
2021-11-17 11:20:00,8900.169
2021-11-17 11:40:00,18557.621
2021-11-17 12:00:00,23330.746
2021-11-17 12:20:00,25826.574
2021-11-17 12:40:00,20770.07
2021-11-17 13:00:00,25371.762
2021-11-17 13:20:00,11456.716
2021-11-17 13:40:00,14540.684
2021-11-17 14:00:00,22395.87
2021-11-17 14:20:00,22331.158
2021-11-17 14:40:00,10939.326
2021-11-17 15:00:00,20544.707
2021-11-17 15:20:00,18538.209
2021-11-17 15:40:00,23422.547
2021-11-17 16:00:00,17885.49
2021-11-17 16:20:00,22866.076
2021-11-17 16:40:00,18469.695
2021-11-17 17:00:00,24080.451
2021-11-17 17:20:00,22962.53
2021-11-17 17:40:00,24946.438
2021-11-17 18:00:00,17377.871
2021-11-17 18:20:00,23152.14
2021-11-17 18:40:00,24734.701
2021-11-17 19:00:00,22826.29
2021-11-17 19:20:00,16214.8955
2021-11-17 19:40:00,25827.78
2021-11-17 20:00:00,20728.096
2021-11-17 20:20:00,17540.555
2021-11-17 20:40:00,17077.71
2021-11-17 21:00:00,15501.52
2021-11-17 21:20:00,25384.094
2021-11-17 21:40:00,27341.479
2021-11-17 22:00:00,18086.488
2021-11-17 22:20:00,17686.605
2021-11-17 22:40:00,18530.898
2021-11-17 23:00:00,19740.734
2021-11-17 23:20:00,14200.856
2021-11-17 23:40:00,21746.572
2021-11-18 00:00:00,20071.404
2021-11-18 00:20:00,9133.854
2021-11-18 00:40:00,16749.38
2021-11-18 01:00:00,26146.287
2021-11-18 01:20:00,18847.256
2021-11-18 01:40:00,14837.302
2021-11-18 02:00:00,15543.196
2021-11-18 02:20:00,15896.943
2021-11-18 02:40:00,18068.818
2021-11-18 03:00:00,22411.205
2021-11-18 03:20:00,15846.223
2021-11-18 03:40:00,13232.608
2021-11-18 04:00:00,24725.473
2021-11-18 04:20:00,21590.623
2021-11-18 04:40:00,18574.402
2021-11-18 05:00:00,23446.857
2021-11-18 05:20:00,18828.71
2021-11-18 05:40:00,24080.215
2021-11-18 06:00:00,19576.97
2021-11-18 06:20:00,11209.001
2021-11-18 06:40:00,27333.262
2021-11-18 07:00:00,12100.402
2021-11-18 07:20:00,22167.293
2021-11-18 07:40:00,12594.915
2021-11-18 08:00:00,19284.15
2021-11-18 08:20:00,19909.918
2021-11-18 08:40:00,14567.077
2021-11-18 09:00:00,14863.307
2021-11-18 09:20:00,19730.898
2021-11-18 09:40:00,18563.28
2021-11-18 10:00:00,23332.506
2021-11-18 10:20:00,26481.867
2021-11-18 10:40:00,20754.744
2021-11-18 11:00:00,25911.682
2021-11-18 11:20:00,20746.16
2021-11-18 11:40:00,11365.386
2021-11-18 12:00:00,20750.523
2021-11-18 12:20:00,13511.01
2021-11-18 12:40:00,20562.885
2021-11-18 13:00:00,20235.23
2021-11-18 13:20:00,21125.338
2021-11-18 13:40:00,9375.612
2021-11-18 14:00:00,9601.06
2021-11-18 14:20:00,17897.473
2021-11-18 14:40:00,25384.727
2021-11-18 15:00:00,13638.497
2021-11-18 15:20:00,15544.467
2021-11-18 15:40:00,17279.184
2021-11-18 16:00:00,24666.824
2021-11-18 16:20:00,15536.409
2021-11-18 16:40:00,11981.888
2021-11-18 17:00:00,23159.434
2021-11-18 17:20:00,24387.254
2021-11-18 17:40:00,12097.34
2021-11-18 18:00:00,15906.889
2021-11-18 18:20:00,17322.736
2021-11-18 18:40:00,19572.473
2021-11-18 19:00:00,14526.649
2021-11-18 19:20:00,21141.785
2021-11-18 19:40:00,26638.814
2021-11-18 20:00:00,19907.906
2021-11-18 20:20:00,21337.164
2021-11-18 20:40:00,24204.543
2021-11-18 21:00:00,21892.613
2021-11-18 21:20:00,15361.177
2021-11-18 21:40:00,16550.537
2021-11-18 22:00:00,17092.508
2021-11-18 22:20:00,18485.916
2021-11-18 22:40:00,18059.605
2021-11-18 23:00:00,18482.35
2021-11-18 23:20:00,18247.238
2021-11-18 23:40:00,11243.065
2021-11-19 00:00:00,19738.807
2021-11-19 00:20:00,15211.147
2021-11-19 00:40:00,17892.71
2021-11-19 01:00:00,25380.773
2021-11-19 01:20:00,19854.273
2021-11-19 01:40:00,19282.676
2021-11-19 02:00:00,24380.152
2021-11-19 02:20:00,11943.506
2021-11-19 02:40:00,20062.648
2021-11-19 03:00:00,9577.12
2021-11-19 03:20:00,25068.617
2021-11-19 03:40:00,15871.969
2021-11-19 04:00:00,19757.793
2021-11-19 04:20:00,19483.04
2021-11-19 04:40:00,22606.521
2021-11-19 05:00:00,22850.34
2021-11-19 05:20:00,24055.201
2021-11-19 05:40:00,20729.691
2021-11-19 06:00:00,25854.762
2021-11-19 06:20:00,21020.58
2021-11-19 06:40:00,15117.513
2021-11-19 07:00:00,19789.086
2021-11-19 07:20:00,10995.398
2021-11-19 07:40:00,18851.918
2021-11-19 08:00:00,14104.484
2021-11-19 08:20:00,24053.918
2021-11-19 08:40:00,19267.807
2021-11-19 09:00:00,21187.111
2021-11-19 09:20:00,21875.857
2021-11-19 09:40:00,17755.602
2021-11-19 10:00:00,17897.473
2021-11-19 10:20:00,19773.652
2021-11-19 10:40:00,20400.252
2021-11-19 11:00:00,15580.547
2021-11-19 11:20:00,17120.879
2021-11-19 11:40:00,22179.904
2021-11-19 12:00:00,13575.938
2021-11-19 12:20:00,16082.208
2021-11-19 12:40:00,24380.49
2021-11-19 13:00:00,16078.979
2021-11-19 13:20:00,22515.105
2021-11-19 13:40:00,15876.587
2021-11-19 14:00:00,22169.967
2021-11-19 14:20:00,9194.965
2021-11-19 14:40:00,22732.271
2021-11-19 15:00:00,19270.178
2021-11-19 15:20:00,11846.6455
2021-11-19 15:40:00,15083.573
2021-11-19 16:00:00,23648.672
2021-11-19 16:20:00,18940.11
2021-11-19 16:40:00,17261.238
2021-11-19 17:00:00,22974.104
2021-11-19 17:20:00,13692.354
2021-11-19 17:40:00,19260.123
2021-11-19 18:00:00,20714.053
2021-11-19 18:20:00,25186.361
2021-11-19 18:40:00,21823.846
2021-11-19 19:00:00,10649.848
2021-11-19 19:20:00,23827.826
2021-11-19 19:40:00,21780.969
2021-11-19 20:00:00,25552.918
2021-11-19 20:20:00,24673.531
2021-11-19 20:40:00,19987.127
2021-11-19 21:00:00,25354.248
2021-11-19 21:20:00,20517.717
2021-11-19 21:40:00,16525.979
2021-11-19 22:00:00,24056.205
2021-11-19 22:20:00,19527.83
2021-11-19 22:40:00,17272.092
2021-11-19 23:00:00,23446.848
2021-11-19 23:20:00,15084.018
2021-11-19 23:40:00,15112.941
2021-11-20 00:00:00,16708.643
2021-11-20 00:20:00,22519.592
2021-11-20 00:40:00,22966.422
2021-11-20 01:00:00,15538.777
2021-11-20 01:20:00,10606.441
2021-11-20 01:40:00,23158.611
2021-11-20 02:00:00,19771.111
2021-11-20 02:20:00,19282.014
2021-11-20 02:40:00,23693.416
2021-11-20 03:00:00,19285.5
2021-11-20 03:20:00,12541.333
2021-11-20 03:40:00,20244.203
2021-11-20 04:00:00,21682.506
2021-11-20 04:20:00,25639.855
2021-11-20 04:40:00,20195.506
2021-11-20 05:00:00,20245.377
2021-11-20 05:20:00,12148.29
2021-11-20 05:40:00,19241.44
2021-11-20 06:00:00,18054.322
2021-11-20 06:20:00,18248.096
2021-11-20 06:40:00,26142.3
2021-11-20 07:00:00,23151.484
2021-11-20 07:20:00,21345.037
2021-11-20 07:40:00,19247.678
2021-11-20 08:00:00,18271.771
2021-11-20 08:20:00,14292.252
2021-11-20 08:40:00,9138.462
2021-11-20 09:00:00,23448.621
2021-11-20 09:20:00,21253.232
2021-11-20 09:40:00,21200.223
2021-11-20 10:00:00,8921.325
2021-11-20 10:20:00,15925.442
2021-11-20 10:40:00,21526.309
2021-11-20 11:00:00,18936.916
2021-11-20 11:20:00,13334.094
2021-11-20 11:40:00,20755.854
2021-11-20 12:00:00,23117.256
2021-11-20 12:20:00,12100.72
2021-11-20 12:40:00,18950.824
2021-11-20 13:00:00,25225.658
2021-11-20 13:20:00,9146.464
2021-11-20 13:40:00,24031.98
2021-11-20 14:00:00,12412.226
2021-11-20 14:20:00,14856.483
2021-11-20 14:40:00,11813.128
2021-11-20 15:00:00,19552.926
2021-11-20 15:20:00,21206.162
2021-11-20 15:40:00,13576.18
2021-11-20 16:00:00,24391.277
2021-11-20 16:20:00,19241.871
2021-11-20 16:40:00,20070.215
2021-11-20 17:00:00,25222.889
2021-11-20 17:20:00,18062.756
2021-11-20 17:40:00,24058.166
2021-11-20 18:00:00,26375.764
2021-11-20 18:20:00,23455.2
2021-11-20 18:40:00,11874.499
2021-11-20 19:00:00,19787.477
2021-11-20 19:20:00,25552.69
2021-11-20 19:40:00,21003.885
2021-11-20 20:00:00,24719.924
2021-11-20 20:20:00,12074.228
2021-11-20 20:40:00,26852.676
2021-11-20 21:00:00,17907.047
2021-11-20 21:20:00,22856.746
2021-11-20 21:40:00,22864.08
2021-11-20 22:00:00,20761.533
2021-11-20 22:20:00,17690.96
2021-11-20 22:40:00,11964.813
2021-11-20 23:00:00,24153.055
2021-11-20 23:20:00,19790.041
2021-11-20 23:40:00,21134.365
2021-11-21 00:00:00,20241.17
2021-11-21 00:20:00,18946.154
2021-11-21 00:40:00,20763.332
2021-11-21 01:00:00,16809.207
2021-11-21 01:20:00,17083.885
2021-11-21 01:40:00,11506.342
2021-11-21 02:00:00,14286.291
2021-11-21 02:20:00,17323.164
2021-11-21 02:40:00,18073.568
2021-11-21 03:00:00,13578.689
2021-11-21 03:20:00,21104.027
2021-11-21 03:40:00,15494.649
2021-11-21 04:00:00,11239.386
2021-11-21 04:20:00,20022.908
2021-11-21 04:40:00,22346.559
2021-11-21 05:00:00,15324.019
2021-11-21 05:20:00,18959.898
2021-11-21 05:40:00,19865.38
2021-11-21 06:00:00,25376.867
2021-11-21 06:20:00,18955.666
2021-11-21 06:40:00,13488.194
2021-11-21 07:00:00,15852.941
2021-11-21 07:20:00,22341.365
2021-11-21 07:40:00,17662.266
2021-11-21 08:00:00,20540.3
2021-11-21 08:20:00,13021.575
2021-11-21 08:40:00,20512.932
2021-11-21 09:00:00,21751.045
2021-11-21 09:20:00,20998.139
2021-11-21 09:40:00,18273.125
2021-11-21 10:00:00,15897.928
2021-11-21 10:20:00,25224.693
2021-11-21 10:40:00,18996.014
2021-11-21 11:00:00,17513.559
2021-11-21 11:20:00,21129.662
2021-11-21 11:40:00,25903.111
2021-11-21 12:00:00,15127.213
2021-11-21 12:20:00,23328.764
2021-11-21 12:40:00,9749.464
2021-11-21 13:00:00,18989.271
2021-11-21 13:20:00,18768.873
2021-11-21 13:40:00,16113.874
2021-11-21 14:00:00,18039.168
2021-11-21 14:20:00,19763.865
2021-11-21 14:40:00,12394.939
2021-11-21 15:00:00,21121.824
2021-11-21 15:20:00,12545.847
2021-11-21 15:40:00,13530.362
2021-11-21 16:00:00,17720.66
2021-11-21 16:20:00,21921.502
2021-11-21 16:40:00,24512.744
2021-11-21 17:00:00,17895.229
2021-11-21 17:20:00,19790.676
2021-11-21 17:40:00,15857.155
2021-11-21 18:00:00,16986.543
2021-11-21 18:20:00,18070.248
2021-11-21 18:40:00,20773.37
2021-11-21 19:00:00,24719.092
2021-11-21 19:20:00,16405.89
2021-11-21 19:40:00,19886.693
2021-11-21 20:00:00,15305.28
2021-11-21 20:20:00,23131.693
2021-11-21 20:40:00,16812.713
2021-11-21 21:00:00,20517.846
2021-11-21 21:20:00,25828.654
2021-11-21 21:40:00,22574.701
2021-11-21 22:00:00,15556.408
2021-11-21 22:20:00,21088.703
2021-11-21 22:40:00,12094.531
2021-11-21 23:00:00,23827.826
2021-11-21 23:20:00,17091.057
2021-11-21 23:40:00,13265.32
2021-11-22 00:00:00,14114.867
2021-11-22 00:20:00,20760.477
2021-11-22 00:40:00,13635.686
2021-11-22 01:00:00,20538.502
2021-11-22 01:20:00,25073.258
2021-11-22 01:40:00,14277.827
2021-11-22 02:00:00,15290.887
2021-11-22 02:20:00,15866.186
2021-11-22 02:40:00,22962.842
2021-11-22 03:00:00,25225.658
2021-11-22 03:20:00,24055.63
2021-11-22 03:40:00,13556.167
2021-11-22 04:00:00,14545.922
2021-11-22 04:20:00,21908.715
2021-11-22 04:40:00,17511.613
2021-11-22 05:00:00,20995.797
2021-11-22 05:20:00,18247.238
2021-11-22 05:40:00,21600.375
2021-11-22 06:00:00,11263.707
2021-11-22 06:20:00,24478.701
2021-11-22 06:40:00,11133.486
2021-11-22 07:00:00,12034.238
2021-11-22 07:20:00,24733.406
2021-11-22 07:40:00,25078.236
2021-11-22 08:00:00,17384.473
2021-11-22 08:20:00,23144.924
2021-11-22 08:40:00,24861.025
2021-11-22 09:00:00,19731.932
2021-11-22 09:20:00,22662.99
2021-11-22 09:40:00,12556.093
2021-11-22 10:00:00,25557.006
2021-11-22 10:20:00,23396.4
2021-11-22 10:40:00,22294.375
2021-11-22 11:00:00,19252.34
2021-11-22 11:20:00,14294.831
2021-11-22 11:40:00,24380.645
2021-11-22 12:00:00,12442.29
2021-11-22 12:20:00,20561.969
2021-11-22 12:40:00,22152.41
2021-11-22 13:00:00,23331.133
2021-11-22 13:20:00,24485.64
2021-11-22 13:40:00,16578.824
2021-11-22 14:00:00,24065.414
2021-11-22 14:20:00,21625.62
2021-11-22 14:40:00,11202.843
2021-11-22 15:00:00,22609.588
2021-11-22 15:20:00,22959.537
2021-11-22 15:40:00,21653.2
2021-11-22 16:00:00,16486.066
2021-11-22 16:20:00,24734.89
2021-11-22 16:40:00,14649.73
2021-11-22 17:00:00,24399.098
2021-11-22 17:20:00,21604.38
2021-11-22 17:40:00,15900.169
2021-11-22 18:00:00,23826.725
2021-11-22 18:20:00,14254.597
2021-11-22 18:40:00,15527.124
2021-11-22 19:00:00,19001.154
2021-11-22 19:20:00,19533.457
2021-11-22 19:40:00,20246.754
2021-11-22 20:00:00,18039.877
2021-11-22 20:20:00,21888.365
2021-11-22 20:40:00,18226.63
2021-11-22 21:00:00,14008.267
2021-11-22 21:20:00,16812.94
2021-11-22 21:40:00,15217.605
2021-11-22 22:00:00,23620.842
2021-11-22 22:20:00,15893.609
2021-11-22 22:40:00,21350.77
2021-11-22 23:00:00,18290.719
2021-11-22 23:20:00,18477.49
2021-11-22 23:40:00,25845.988
2021-11-23 00:00:00,22082.89
2021-11-23 00:20:00,23448.475
2021-11-23 00:40:00,20665.627
2021-11-23 01:00:00,20148.395
2021-11-23 01:20:00,18067.59
2021-11-23 01:40:00,17737.73
2021-11-23 02:00:00,14854.372
2021-11-23 02:20:00,16070.458
2021-11-23 02:40:00,16991.537
2021-11-23 03:00:00,21921.502
2021-11-23 03:20:00,22959.537
2021-11-23 03:40:00,21118.81
2021-11-23 04:00:00,25926.281
2021-11-23 04:20:00,21201.375
2021-11-23 04:40:00,21913.541
2021-11-23 05:00:00,22861.016
2021-11-23 05:20:00,23155.25
2021-11-23 05:40:00,25190.363
2021-11-23 06:00:00,23426.229
2021-11-23 06:20:00,18798.227
2021-11-23 06:40:00,18578.69
2021-11-23 07:00:00,10302.78
2021-11-23 07:20:00,21910.223
2021-11-23 07:40:00,16995.055
2021-11-23 08:00:00,15832.826
2021-11-23 08:20:00,23829.293
2021-11-23 08:40:00,21776.822
2021-11-23 09:00:00,24533.508
2021-11-23 09:20:00,16100.979
2021-11-23 09:40:00,18255.002
2021-11-23 10:00:00,15282.063
2021-11-23 10:20:00,18509.283
2021-11-23 10:40:00,16657.139
2021-11-23 11:00:00,23650.652
2021-11-23 11:20:00,12422.162
2021-11-23 11:40:00,16724.627
2021-11-23 12:00:00,21835.518
2021-11-23 12:20:00,23328.525
2021-11-23 12:40:00,23610.424
2021-11-23 13:00:00,18953.297
2021-11-23 13:20:00,23680.22
2021-11-23 13:40:00,10576.014
2021-11-23 14:00:00,17286.996
2021-11-23 14:20:00,22966.422
2021-11-23 14:40:00,8931.744
2021-11-23 15:00:00,9138.462
2021-11-23 15:20:00,17932.896
2021-11-23 15:40:00,8925.678
2021-11-23 16:00:00,11869.821
2021-11-23 16:20:00,11394.468
2021-11-23 16:40:00,11881.894
2021-11-23 17:00:00,21589.045
2021-11-23 17:20:00,20753.496
2021-11-23 17:40:00,21607.71
2021-11-23 18:00:00,17375.648
2021-11-23 18:20:00,17513.023
2021-11-23 18:40:00,15096.859
2021-11-23 19:00:00,13301.637
2021-11-23 19:20:00,20551.557
2021-11-23 19:40:00,16994.756
2021-11-23 20:00:00,21027.129
2021-11-23 20:20:00,21817.64
2021-11-23 20:40:00,21104.852
2021-11-23 21:00:00,15352.638
2021-11-23 21:20:00,23434.527
2021-11-23 21:40:00,24854.744
2021-11-23 22:00:00,24056.338
2021-11-23 22:20:00,13567.518
2021-11-23 22:40:00,11412.864
2021-11-23 23:00:00,20104.332
2021-11-23 23:20:00,10625.713
2021-11-23 23:40:00,18954.213
2021-11-24 00:00:00,21746.178
2021-11-24 00:20:00,22762.06
2021-11-24 00:40:00,17913.248
2021-11-24 01:00:00,19260.945
2021-11-24 01:20:00,18278.227
2021-11-24 01:40:00,22298.28
2021-11-24 02:00:00,15129.463
2021-11-24 02:20:00,17893.01
2021-11-24 02:40:00,15503.376
2021-11-24 03:00:00,18560.49
2021-11-24 03:20:00,19582.428
2021-11-24 03:40:00,19252.629
2021-11-24 04:00:00,20443.455
2021-11-24 04:20:00,9287.948
2021-11-24 04:40:00,19746.398
2021-11-24 05:00:00,17742.799
2021-11-24 05:20:00,23326.727
2021-11-24 05:40:00,19782.125
2021-11-24 06:00:00,18585.092
2021-11-24 06:20:00,20756.354
2021-11-24 06:40:00,16668.787
2021-11-24 07:00:00,19266.912
2021-11-24 07:20:00,18858.287
2021-11-24 07:40:00,20571.084
2021-11-24 08:00:00,17262.537
2021-11-24 08:20:00,11216.042
2021-11-24 08:40:00,21814.904
2021-11-24 09:00:00,23826.725
2021-11-24 09:20:00,19270.992
2021-11-24 09:40:00,23823.633
2021-11-24 10:00:00,18283.205
2021-11-24 10:20:00,17564.744
2021-11-24 10:40:00,14605.138
2021-11-24 11:00:00,20058.045
2021-11-24 11:20:00,24726.482
2021-11-24 11:40:00,21671.947
2021-11-24 12:00:00,17734.336
2021-11-24 12:20:00,16479.748
2021-11-24 12:40:00,17495.213
2021-11-24 13:00:00,17883.67
2021-11-24 13:20:00,23421.09
2021-11-24 13:40:00,16514.822
2021-11-24 14:00:00,13297.453
2021-11-24 14:20:00,21127.275
2021-11-24 14:40:00,20995.52
2021-11-24 15:00:00,19910.91
2021-11-24 15:20:00,22840.742
2021-11-24 15:40:00,16671.129
2021-11-24 16:00:00,19522.78
2021-11-24 16:20:00,13266.384
2021-11-24 16:40:00,25074.662
2021-11-24 17:00:00,18261.18
2021-11-24 17:20:00,13224.036
2021-11-24 17:40:00,20551.803
2021-11-24 18:00:00,24494.613
2021-11-24 18:20:00,11222.642
2021-11-24 18:40:00,16689.705
2021-11-24 19:00:00,26341.008
2021-11-24 19:20:00,20050.69
2021-11-24 19:40:00,14157.288
2021-11-24 20:00:00,25221.805
2021-11-24 20:20:00,16080.557
2021-11-24 20:40:00,23640.564
2021-11-24 21:00:00,19711.066
2021-11-24 21:20:00,24038.82
2021-11-24 21:40:00,19279.139
2021-11-24 22:00:00,20152.479
2021-11-24 22:20:00,9197.882
2021-11-24 22:40:00,19896.805
2021-11-24 23:00:00,23838.03
2021-11-24 23:20:00,21788.176
2021-11-24 23:40:00,20797.865
2021-11-25 00:00:00,22295.178
2021-11-25 00:20:00,20752.732
2021-11-25 00:40:00,21887.785
2021-11-25 01:00:00,20738.271
2021-11-25 01:20:00,18087.963
2021-11-25 01:40:00,13291.8125
2021-11-25 02:00:00,15330.352
2021-11-25 02:20:00,24484.174
2021-11-25 02:40:00,12777.877
2021-11-25 03:00:00,17879.164
2021-11-25 03:20:00,14631.295
2021-11-25 03:40:00,23438.033
2021-11-25 04:00:00,21621.934
2021-11-25 04:20:00,22961.129
2021-11-25 04:40:00,13296.176
2021-11-25 05:00:00,9879.254
2021-11-25 05:20:00,21898.725
2021-11-25 05:40:00,14871.11
2021-11-25 06:00:00,20155.225
2021-11-25 06:20:00,24203.012
2021-11-25 06:40:00,18056.547
2021-11-25 07:00:00,8947.894
2021-11-25 07:20:00,21601.844
2021-11-25 07:40:00,16968.203
2021-11-25 08:00:00,13346.232
2021-11-25 08:20:00,24039.346
2021-11-25 08:40:00,22119.197
2021-11-25 09:00:00,12547.219
2021-11-25 09:20:00,15907.427
2021-11-25 09:40:00,23690.148
2021-11-25 10:00:00,23445.463
2021-11-25 10:20:00,21880.135
2021-11-25 10:40:00,19772.158
2021-11-25 11:00:00,24060.332
2021-11-25 11:20:00,20520.855
2021-11-25 11:40:00,15130.3
2021-11-25 12:00:00,19287.945
2021-11-25 12:20:00,23141.648
2021-11-25 12:40:00,18829.373
2021-11-25 13:00:00,18568.754
2021-11-25 13:20:00,21832.635
2021-11-25 13:40:00,22844.709
2021-11-25 14:00:00,24736.84
2021-11-25 14:20:00,22331.453
2021-11-25 14:40:00,15881.183
2021-11-25 15:00:00,19249.924
2021-11-25 15:20:00,15163.397
2021-11-25 15:40:00,14529.425
2021-11-25 16:00:00,26144.133
2021-11-25 16:20:00,16517.793
2021-11-25 16:40:00,22590.209
2021-11-25 17:00:00,18580.506
2021-11-25 17:20:00,25818.76
2021-11-25 17:40:00,22402.232
2021-11-25 18:00:00,13577.822
2021-11-25 18:20:00,24135.201
2021-11-25 18:40:00,13652.369
2021-11-25 19:00:00,24080.121
2021-11-25 19:20:00,20113.867
2021-11-25 19:40:00,10668.172
2021-11-25 20:00:00,18473.602
2021-11-25 20:20:00,19980.768
2021-11-25 20:40:00,20510.95
2021-11-25 21:00:00,21910.93
2021-11-25 21:20:00,16187.271
2021-11-25 21:40:00,24038.82
2021-11-25 22:00:00,20378.371
2021-11-25 22:20:00,22832.285
2021-11-25 22:40:00,22516.773
2021-11-25 23:00:00,24739.764
2021-11-25 23:20:00,20976.686
2021-11-25 23:40:00,24042.256
2021-11-26 00:00:00,27216.6
2021-11-26 00:20:00,27110.385
2021-11-26 00:40:00,22774.326
2021-11-26 01:00:00,19587.102
2021-11-26 01:20:00,24523.752
2021-11-26 01:40:00,21918.172
2021-11-26 02:00:00,24132.092
2021-11-26 02:20:00,20124.465
2021-11-26 02:40:00,24375.588
2021-11-26 03:00:00,22612.645
2021-11-26 03:20:00,21600.402
2021-11-26 03:40:00,21918.172
2021-11-26 04:00:00,24854.408
2021-11-26 04:20:00,19743.393
2021-11-26 04:40:00,22119.977
2021-11-26 05:00:00,21902.145
2021-11-26 05:20:00,20212.87
2021-11-26 05:40:00,19974.176
2021-11-26 06:00:00,10610.58
2021-11-26 06:20:00,25937.451
2021-11-26 06:40:00,22758.035
2021-11-26 07:00:00,14257.833
2021-11-26 07:20:00,19266.197
2021-11-26 07:40:00,11231.188
2021-11-26 08:00:00,21879.748
2021-11-26 08:20:00,18575.129
2021-11-26 08:40:00,16169.281
2021-11-26 09:00:00,26688.797
2021-11-26 09:20:00,19419.69
2021-11-26 09:40:00,19283.016
2021-11-26 10:00:00,23150.445
2021-11-26 10:20:00,22155.72
2021-11-26 10:40:00,19746.398
2021-11-26 11:00:00,23690.7
2021-11-26 11:20:00,25378.617
2021-11-26 11:40:00,24999.207
2021-11-26 12:00:00,21901.15
2021-11-26 12:20:00,19769.914
2021-11-26 12:40:00,24515.35
2021-11-26 13:00:00,22319.656
2021-11-26 13:20:00,14202.645
2021-11-26 13:40:00,22612.041
2021-11-26 14:00:00,22325.953
2021-11-26 14:20:00,15870.385
2021-11-26 14:40:00,20187.916
2021-11-26 15:00:00,16484.281
2021-11-26 15:20:00,23154.982
2021-11-26 15:40:00,20794.28
2021-11-26 16:00:00,19265.535
2021-11-26 16:20:00,24371.434
2021-11-26 16:40:00,14239.045
2021-11-26 17:00:00,24385.828
2021-11-26 17:20:00,14616.021
2021-11-26 17:40:00,19578.469
2021-11-26 18:00:00,17563.74
2021-11-26 18:20:00,15878.504
2021-11-26 18:40:00,19574.803
2021-11-26 19:00:00,14111.561
2021-11-26 19:20:00,24198.56
2021-11-26 19:40:00,13673.521
2021-11-26 20:00:00,20182.807
2021-11-26 20:20:00,18288.148
2021-11-26 20:40:00,20228.89
2021-11-26 21:00:00,21011.904
2021-11-26 21:20:00,18234.75
2021-11-26 21:40:00,19251.943
2021-11-26 22:00:00,21578.53
2021-11-26 22:20:00,15116.54
2021-11-26 22:40:00,24078.314
2021-11-26 23:00:00,11251.259
2021-11-26 23:20:00,23823.17
2021-11-26 23:40:00,17479.545
2021-11-27 00:00:00,21679.176
2021-11-27 00:20:00,21777.74
2021-11-27 00:40:00,20401.336
2021-11-27 01:00:00,17446.799
2021-11-27 01:20:00,10282.955
2021-11-27 01:40:00,17684.19
2021-11-27 02:00:00,20724.178
2021-11-27 02:20:00,18252.342
2021-11-27 02:40:00,18556.383
2021-11-27 03:00:00,12041.271
2021-11-27 03:20:00,27330.6
2021-11-27 03:40:00,25813.852
2021-11-27 04:00:00,19558.223
2021-11-27 04:20:00,13502.059
2021-11-27 04:40:00,18057.13
2021-11-27 05:00:00,22761.52
2021-11-27 05:20:00,26820.072
2021-11-27 05:40:00,12638.701
2021-11-27 06:00:00,23426.229
2021-11-27 06:20:00,17363.107
2021-11-27 06:40:00,18245.186
2021-11-27 07:00:00,10972.256
2021-11-27 07:20:00,21022.814
2021-11-27 07:40:00,20572.46
2021-11-27 08:00:00,23439.766
2021-11-27 08:20:00,13241.244
2021-11-27 08:40:00,11926.109
2021-11-27 09:00:00,15112.524
2021-11-27 09:20:00,17863.793
2021-11-27 09:40:00,25559.453
2021-11-27 10:00:00,21027.129
2021-11-27 10:20:00,19503.674
2021-11-27 10:40:00,25630.059
2021-11-27 11:00:00,22774.12
2021-11-27 11:20:00,17669.727
2021-11-27 11:40:00,21030.729
2021-11-27 12:00:00,22869.459
2021-11-27 12:20:00,18823.031
2021-11-27 12:40:00,12542.529
2021-11-27 13:00:00,18795.965
2021-11-27 13:20:00,23818.959
2021-11-27 13:40:00,18963.986
2021-11-27 14:00:00,22306.416
2021-11-27 14:20:00,11262.33
2021-11-27 14:40:00,16247.026
2021-11-27 15:00:00,23332.506
2021-11-27 15:20:00,16108.571
2021-11-27 15:40:00,20741.842
2021-11-27 16:00:00,12423.72
2021-11-27 16:20:00,17883.496
2021-11-27 16:40:00,18253.77
2021-11-27 17:00:00,21760.062
2021-11-27 17:20:00,22974.709
2021-11-27 17:40:00,22093.156
2021-11-27 18:00:00,24728.008
2021-11-27 18:20:00,20179.717
2021-11-27 18:40:00,29969.678
2021-11-27 19:00:00,29969.764
2021-11-27 19:20:00,29528.014
2021-11-27 19:40:00,29748.914
2021-11-27 20:00:00,29700.365
2021-11-27 20:20:00,29618.945
2021-11-27 20:40:00,29763.83
2021-11-27 21:00:00,29895.465
2021-11-27 21:20:00,29969.914
2021-11-27 21:40:00,29969.678
2021-11-27 22:00:00,29408.576
2021-11-27 22:20:00,29969.914
2021-11-27 22:40:00,29969.764
2021-11-27 23:00:00,29969.668
2021-11-27 23:20:00,29889.873
2021-11-27 23:40:00,29936.172
2021-11-28 00:00:00,29929.793
2021-11-28 00:20:00,29792.934
2021-11-28 00:40:00,29550.906
2021-11-28 01:00:00,29951.342
2021-11-28 01:20:00,29970.227
2021-11-28 01:40:00,29748.914
2021-11-28 02:00:00,29730.586
2021-11-28 02:20:00,29112.879
2021-11-28 02:40:00,29734.1
2021-11-28 03:00:00,29776.396
2021-11-28 03:20:00,29598.523
2021-11-28 03:40:00,29856.078
2021-11-28 04:00:00,29946.018
2021-11-28 04:20:00,29969.668
2021-11-28 04:40:00,29776.285
2021-11-28 05:00:00,29879.734
2021-11-28 05:20:00,29640.256
2021-11-28 05:40:00,29527.533
2021-11-28 06:00:00,29720.018
2021-11-28 06:20:00,29968.348
2021-11-28 06:40:00,29969.668
2021-11-28 07:00:00,29970.227
2021-11-28 07:20:00,29969.668
2021-11-28 07:40:00,29579.697
2021-11-28 08:00:00,29969.764
2021-11-28 08:20:00,29620.22
2021-11-28 08:40:00,29826.383
2021-11-28 09:00:00,29793.562
2021-11-28 09:20:00,29929.963
2021-11-28 09:40:00,29408.525
2021-11-28 10:00:00,29699.98
2021-11-28 10:20:00,29898.738
2021-11-28 10:40:00,29921.9
2021-11-28 11:00:00,29735.797
2021-11-28 11:20:00,29969.764
2021-11-28 11:40:00,29879.037
2021-11-28 12:00:00,29618.807
2021-11-28 12:20:00,29749.16
2021-11-28 12:40:00,29694.342
2021-11-28 13:00:00,29477.564
2021-11-28 13:20:00,29597.82
2021-11-28 13:40:00,29879.236
2021-11-28 14:00:00,29970.227
2021-11-28 14:20:00,29969.586
2021-11-28 14:40:00,29654.488
2021-11-28 15:00:00,29968.338
2021-11-28 15:20:00,29765.225
2021-11-28 15:40:00,29774.396
2021-11-28 16:00:00,29807.543
2021-11-28 16:20:00,29701.79
2021-11-28 16:40:00,29970.342
2021-11-28 17:00:00,29718.807
2021-11-28 17:20:00,29951.336
2021-11-28 17:40:00,29970.227
2021-11-28 18:00:00,29551.586
2021-11-28 18:20:00,29943.766
2021-11-28 18:40:00,29968.703
2021-11-28 19:00:00,29718.406
2021-11-28 19:20:00,29701.928
2021-11-28 19:40:00,29731.662
2021-11-28 20:00:00,29806.97
2021-11-28 20:20:00,29413.432
2021-11-28 20:40:00,29522.096
2021-11-28 21:00:00,29675.11
2021-11-28 21:20:00,29969.764
2021-11-28 21:40:00,29843.803
2021-11-28 22:00:00,29554.033
2021-11-28 22:20:00,29480.3
2021-11-28 22:40:00,29749.262
2021-11-28 23:00:00,29946.725
2021-11-28 23:20:00,29951.197
2021-11-28 23:40:00,29895.305
2021-11-29 00:00:00,29843.834
2021-11-29 00:20:00,29969.668
2021-11-29 00:40:00,29895.475
2021-11-29 01:00:00,29970.232
2021-11-29 01:20:00,29969.668
2021-11-29 01:40:00,29944.643
2021-11-29 02:00:00,29969.764
2021-11-29 02:20:00,29970.227
2021-11-29 02:40:00,29777.182
2021-11-29 03:00:00,29552.15
2021-11-29 03:20:00,29855.895
2021-11-29 03:40:00,29510.078
2021-11-29 04:00:00,29873.045
2021-11-29 04:20:00,29855.76
2021-11-29 04:40:00,29856.033
2021-11-29 05:00:00,29526.07
2021-11-29 05:20:00,29968.32
2021-11-29 05:40:00,29898.01
2021-11-29 06:00:00,29970.227
2021-11-29 06:20:00,29641.572
2021-11-29 06:40:00,29968.168
2021-11-29 07:00:00,28979.941
2021-11-29 07:20:00,29866.098
2021-11-29 07:40:00,29774.494
2021-11-29 08:00:00,29639.84
2021-11-29 08:20:00,29528.248
2021-11-29 08:40:00,29719.555
2021-11-29 09:00:00,29968.713
2021-11-29 09:20:00,29969.764
2021-11-29 09:40:00,29444.395
2021-11-29 10:00:00,29763.963
2021-11-29 10:20:00,29969.668
2021-11-29 10:40:00,29416.883
2021-11-29 11:00:00,29969.914
2021-11-29 11:20:00,29872.7
2021-11-29 11:40:00,29527.01
2021-11-29 12:00:00,29895.084
2021-11-29 12:20:00,29640.78
2021-11-29 12:40:00,29581.168
2021-11-29 13:00:00,29813.318
2021-11-29 13:20:00,29600.783
2021-11-29 13:40:00,29825.75
2021-11-29 14:00:00,29951.496
2021-11-29 14:20:00,29969.764
2021-11-29 14:40:00,29389.154
2021-11-29 15:00:00,29415.004
2021-11-29 15:20:00,29969.668
2021-11-29 15:40:00,29843.04
2021-11-29 16:00:00,29655.47
2021-11-29 16:20:00,29968.178
2021-11-29 16:40:00,29418.139
2021-11-29 17:00:00,29969.668
2021-11-29 17:20:00,29969.914
2021-11-29 17:40:00,29856.732
2021-11-29 18:00:00,29930.357
2021-11-29 18:20:00,29969.668
2021-11-29 18:40:00,29510.102
2021-11-29 19:00:00,29749.4
2021-11-29 19:20:00,29618.807
2021-11-29 19:40:00,29775.955
2021-11-29 20:00:00,29806.855
2021-11-29 20:20:00,29734.336
2021-11-29 20:40:00,29835.322
2021-11-29 21:00:00,29969.668
2021-11-29 21:20:00,29855.498
2021-11-29 21:40:00,29969.764
2021-11-29 22:00:00,29936.72
2021-11-29 22:20:00,29552.273
2021-11-29 22:40:00,29898.635
2021-11-29 23:00:00,29794.318
2021-11-29 23:20:00,29342.678
2021-11-29 23:40:00,29936.445
2021-11-30 00:00:00,29675.105
2021-11-30 00:20:00,29483.404
2021-11-30 00:40:00,29694.256
2021-11-30 01:00:00,29346.352
2021-11-30 01:20:00,29921.271
2021-11-30 01:40:00,29920.068
2021-11-30 02:00:00,29748.994
2021-11-30 02:20:00,29910.871
2021-11-30 02:40:00,29951.197
2021-11-30 03:00:00,29764.23
2021-11-30 03:20:00,29527.86
2021-11-30 03:40:00,29951.865
2021-11-30 04:00:00,29825.174
2021-11-30 04:20:00,29969.773
2021-11-30 04:40:00,29969.586
2021-11-30 05:00:00,29749.262
2021-11-30 05:20:00,29969.773
2021-11-30 05:40:00,29528.021
2021-11-30 06:00:00,29701.629
2021-11-30 06:20:00,29929.941
2021-11-30 06:40:00,29718.572
2021-11-30 07:00:00,29968.727
2021-11-30 07:20:00,29385.521
2021-11-30 07:40:00,29920.314
2021-11-30 08:00:00,29764.6
2021-11-30 08:20:00,29872.7
2021-11-30 08:40:00,29510.102
2021-11-30 09:00:00,29693.492
2021-11-30 09:20:00,29969.764
2021-11-30 09:40:00,29969.914
2021-11-30 10:00:00,29855.516
2021-11-30 10:20:00,29898.25
2021-11-30 10:40:00,29345.215
2021-11-30 11:00:00,29449.564
2021-11-30 11:20:00,29847.285
2021-11-30 11:40:00,29774.498
2021-11-30 12:00:00,29734.576
2021-11-30 12:20:00,29529.553
2021-11-30 12:40:00,29790.168
2021-11-30 13:00:00,29969.764
2021-11-30 13:20:00,29618.56
2021-11-30 13:40:00,29618.336
2021-11-30 14:00:00,29969.764
2021-11-30 14:20:00,29872.898
2021-11-30 14:40:00,29969.678
2021-11-30 15:00:00,29951.752
2021-11-30 15:20:00,29969.668
2021-11-30 15:40:00,29969.668
2021-11-30 16:00:00,29749.17
2021-11-30 16:20:00,29879.037
2021-11-30 16:40:00,29889.457
2021-11-30 17:00:00,29920.871
2021-11-30 17:20:00,29969.764
2021-11-30 17:40:00,29618.291
2021-11-30 18:00:00,29969.764
2021-11-30 18:20:00,29945.996
2021-11-30 18:40:00,29678.668
2021-11-30 19:00:00,29970.227
2021-11-30 19:20:00,29600.756
2021-11-30 19:40:00,29732.037
2021-11-30 20:00:00,29969.914
2021-11-30 20:20:00,29969.764
2021-11-30 20:40:00,29347.232
2021-11-30 21:00:00,29510.078
2021-11-30 21:20:00,29969.764
2021-11-30 21:40:00,29480.25
2021-11-30 22:00:00,29750.16
2021-11-30 22:20:00,29765.064
2021-11-30 22:40:00,29718.396
2021-11-30 23:00:00,29930.28
2021-11-30 23:20:00,29510.248
2021-11-30 23:40:00,29527.17
2021-12-01 00:00:00,29385.787
2021-12-01 00:20:00,29969.764
2021-12-01 00:40:00,29969.678
2021-12-01 01:00:00,29730.34
2021-12-01 01:20:00,29865.3
2021-12-01 01:40:00,29793.29
2021-12-01 02:00:00,29969.668
2021-12-01 02:20:00,29969.764
2021-12-01 02:40:00,29618.807
2021-12-01 03:00:00,29919.898
2021-12-01 03:20:00,29639.63
2021-12-01 03:40:00,29722.646
2021-12-01 04:00:00,29855.525
2021-12-01 04:20:00,29416.26
2021-12-01 04:40:00,29675.248
2021-12-01 05:00:00,29677.871
2021-12-01 05:20:00,29969.764
2021-12-01 05:40:00,29969.914
2021-12-01 06:00:00,29970.227
2021-12-01 06:20:00,29675.45
2021-12-01 06:40:00,29929.963
2021-12-01 07:00:00,29774.643
2021-12-01 07:20:00,29774.396
2021-12-01 07:40:00,29804.533
2021-12-01 08:00:00,29447.46
2021-12-01 08:20:00,29640.256
2021-12-01 08:40:00,29951.197
2021-12-01 09:00:00,29844.027
2021-12-01 09:20:00,29413.088
2021-12-01 09:40:00,29697.576
2021-12-01 10:00:00,29678.508
2021-12-01 10:20:00,29969.764
2021-12-01 10:40:00,29449.564
2021-12-01 11:00:00,29644.594
2021-12-01 11:20:00,29895.57
2021-12-01 11:40:00,29551.525
2021-12-01 12:00:00,29968.584
2021-12-01 12:20:00,29969.668
2021-12-01 12:40:00,29969.668
2021-12-01 13:00:00,29835.816
2021-12-01 13:20:00,29489.275
2021-12-01 13:40:00,29969.678
2021-12-01 14:00:00,29522.252
2021-12-01 14:20:00,29843.434
2021-12-01 14:40:00,29969.557
2021-12-01 15:00:00,29969.914
2021-12-01 15:20:00,29776.287
2021-12-01 15:40:00,29407.268
2021-12-01 16:00:00,29855.525
2021-12-01 16:20:00,29697.186
2021-12-01 16:40:00,29969.678
2021-12-01 17:00:00,29489.008
2021-12-01 17:20:00,29764.37
2021-12-01 17:40:00,29735.797
2021-12-01 18:00:00,29789.15
2021-12-01 18:20:00,29969.678
2021-12-01 18:40:00,29287.498
2021-12-01 19:00:00,29936.297
2021-12-01 19:20:00,29490.3
2021-12-01 19:40:00,29969.914
2021-12-01 20:00:00,29597.162
2021-12-01 20:20:00,29872.7
2021-12-01 20:40:00,29969.914
2021-12-01 21:00:00,29843.594
2021-12-01 21:20:00,29914.826
2021-12-01 21:40:00,29865.928
2021-12-01 22:00:00,29774.734
2021-12-01 22:20:00,29675.943
2021-12-01 22:40:00,29969.914
2021-12-01 23:00:00,29580.348
2021-12-01 23:20:00,29943.914
2021-12-01 23:40:00,29793.688
2021-12-02 00:00:00,29969.764
2021-12-02 00:20:00,29774.883
2021-12-02 00:40:00,29951.75
2021-12-02 01:00:00,29640.117
2021-12-02 01:20:00,29969.764
2021-12-02 01:40:00,29152.125
2021-12-02 02:00:00,29825.152
2021-12-02 02:20:00,29846.084
2021-12-02 02:40:00,29655.42
2021-12-02 03:00:00,29338.496
2021-12-02 03:20:00,29489.266
2021-12-02 03:40:00,29510.785
2021-12-02 04:00:00,29929.793
2021-12-02 04:20:00,29920.164
2021-12-02 04:40:00,29579.707
2021-12-02 05:00:00,29407.625
2021-12-02 05:20:00,29970.885
2021-12-02 05:40:00,29479.002
2021-12-02 06:00:00,29969.668
2021-12-02 06:20:00,29597.598
2021-12-02 06:40:00,29777.066
2021-12-02 07:00:00,29697.094
2021-12-02 07:20:00,29969.914
2021-12-02 07:40:00,29969.764
2021-12-02 08:00:00,29969.668
2021-12-02 08:20:00,29865.416
2021-12-02 08:40:00,29644.594
2021-12-02 09:00:00,29748.969
2021-12-02 09:20:00,29763.99
2021-12-02 09:40:00,29579.707
2021-12-02 10:00:00,29970.227
2021-12-02 10:20:00,29694.182
2021-12-02 10:40:00,29842.783
2021-12-02 11:00:00,29447.46
2021-12-02 11:20:00,29970.227
2021-12-02 11:40:00,29718.557
2021-12-02 12:00:00,29521.912
2021-12-02 12:20:00,29749.262
2021-12-02 12:40:00,29930.602
2021-12-02 13:00:00,29652.953
2021-12-02 13:20:00,29552.209
2021-12-02 13:40:00,29929.506
2021-12-02 14:00:00,29943.766
2021-12-02 14:20:00,29719.705
2021-12-02 14:40:00,29879.043
2021-12-02 15:00:00,29969.764
2021-12-02 15:20:00,29969.668
2021-12-02 15:40:00,29944.295
2021-12-02 16:00:00,29969.678
2021-12-02 16:20:00,29835.545
2021-12-02 16:40:00,29599.98
2021-12-02 17:00:00,29447.21
2021-12-02 17:20:00,29825.014
2021-12-02 17:40:00,29969.668
2021-12-02 18:00:00,29969.668
2021-12-02 18:20:00,29969.914
2021-12-02 18:40:00,29749.139
2021-12-02 19:00:00,29969.668
2021-12-02 19:20:00,29969.668
2021-12-02 19:40:00,29969.764
2021-12-02 20:00:00,29719.127
2021-12-02 20:20:00,29865.3
2021-12-02 20:40:00,29969.764
2021-12-02 21:00:00,29919.92
2021-12-02 21:20:00,29896.682
2021-12-02 21:40:00,29970.342
2021-12-02 22:00:00,29618.996
2021-12-02 22:20:00,29788.934
2021-12-02 22:40:00,29969.668
2021-12-02 23:00:00,29693.107
2021-12-02 23:20:00,29969.668
2021-12-02 23:40:00,29895.613
2021-12-03 00:00:00,29477.564
2021-12-03 00:20:00,29644.455
2021-12-03 00:40:00,29835.305
2021-12-03 01:00:00,29697.262
2021-12-03 01:20:00,29968.168
2021-12-03 01:40:00,29655.02
2021-12-03 02:00:00,29969.586
2021-12-03 02:20:00,29968.338
2021-12-03 02:40:00,29930.357
2021-12-03 03:00:00,29855.283
2021-12-03 03:20:00,29969.914
2021-12-03 03:40:00,29640.453
2021-12-03 04:00:00,29579.354
2021-12-03 04:20:00,29775.643
2021-12-03 04:40:00,29951.727
2021-12-03 05:00:00,29890.117
2021-12-03 05:20:00,29804.459
2021-12-03 05:40:00,29969.914
2021-12-03 06:00:00,29381.725
2021-12-03 06:20:00,29718.566
2021-12-03 06:40:00,29835.47
2021-12-03 07:00:00,29872.791
2021-12-03 07:20:00,29551.525
2021-12-03 07:40:00,29969.914
2021-12-03 08:00:00,29969.764
2021-12-03 08:20:00,29835.3
2021-12-03 08:40:00,29764.23
2021-12-03 09:00:00,29701.762
2021-12-03 09:20:00,29970.227
2021-12-03 09:40:00,29579.736
2021-12-03 10:00:00,29599.555
2021-12-03 10:20:00,29749.734
2021-12-03 10:40:00,29793.072
2021-12-03 11:00:00,29599.488
2021-12-03 11:20:00,29895.443
2021-12-03 11:40:00,29793.402
2021-12-03 12:00:00,29581.576
2021-12-03 12:20:00,29969.914
2021-12-03 12:40:00,29730.426
2021-12-03 13:00:00,29826.383
2021-12-03 13:20:00,29969.764
2021-12-03 13:40:00,29581.365
2021-12-03 14:00:00,29776.773
2021-12-03 14:20:00,29655.348
2021-12-03 14:40:00,29969.668
2021-12-03 15:00:00,29826.314
2021-12-03 15:20:00,29970.227
2021-12-03 15:40:00,29968.168
2021-12-03 16:00:00,29644.936
2021-12-03 16:20:00,29951.701
2021-12-03 16:40:00,29749.012
2021-12-03 17:00:00,29951.367
2021-12-03 17:20:00,29750.01
2021-12-03 17:40:00,29776.521
2021-12-03 18:00:00,29969.764
2021-12-03 18:20:00,29552.31
2021-12-03 18:40:00,29416.045
2021-12-03 19:00:00,29945.996
2021-12-03 19:20:00,29969.668
2021-12-03 19:40:00,29620.22
2021-12-03 20:00:00,29749.262
2021-12-03 20:20:00,29655.02
2021-12-03 20:40:00,29448.93
2021-12-03 21:00:00,29805.23
2021-12-03 21:20:00,29596.867
2021-12-03 21:40:00,29969.668
2021-12-03 22:00:00,29528.258
2021-12-03 22:20:00,29879.107
2021-12-03 22:40:00,29970.227
2021-12-03 23:00:00,29825.566
2021-12-03 23:20:00,29969.668
2021-12-03 23:40:00,29718.406
2021-12-04 00:00:00,29734.484
2021-12-04 00:20:00,29654.635
2021-12-04 00:40:00,29718.32
2021-12-04 01:00:00,29815.152
2021-12-04 01:20:00,29385.797
2021-12-04 01:40:00,29701.365
2021-12-04 02:00:00,29445.535
2021-12-04 02:20:00,29855.525
2021-12-04 02:40:00,29898.01
2021-12-04 03:00:00,29968.178
2021-12-04 03:20:00,29969.668
2021-12-04 03:40:00,29793.18
2021-12-04 04:00:00,29655.18
2021-12-04 04:20:00,29734.186
2021-12-04 04:40:00,29814.81
2021-12-04 05:00:00,29750.16
2021-12-04 05:20:00,29448.102
2021-12-04 05:40:00,29449.22
2021-12-04 06:00:00,29969.914
2021-12-04 06:20:00,29969.764
2021-12-04 06:40:00,29718.566
2021-12-04 07:00:00,29969.764
2021-12-04 07:20:00,29655.014
2021-12-04 07:40:00,29936.076
2021-12-04 08:00:00,29655.031
2021-12-04 08:20:00,29969.914
2021-12-04 08:40:00,29701.928
2021-12-04 09:00:00,29970.227
2021-12-04 09:20:00,29855.74
2021-12-04 09:40:00,29815.152
2021-12-04 10:00:00,29944.01
2021-12-04 10:20:00,29969.668
2021-12-04 10:40:00,29443.328
2021-12-04 11:00:00,29843.424
2021-12-04 11:20:00,29936.71
2021-12-04 11:40:00,29936.975
2021-12-04 12:00:00,29969.914
2021-12-04 12:20:00,29718.807
2021-12-04 12:40:00,29969.914
2021-12-04 13:00:00,29970.133
2021-12-04 13:20:00,29898.516
2021-12-04 13:40:00,29814.145
2021-12-04 14:00:00,29898.525
2021-12-04 14:20:00,29734.346
2021-12-04 14:40:00,28972.312
2021-12-04 15:00:00,29970.227
2021-12-04 15:20:00,29640.072
2021-12-04 15:40:00,29655.152
2021-12-04 16:00:00,29969.764
2021-12-04 16:20:00,29580.434
2021-12-04 16:40:00,29970.227
2021-12-04 17:00:00,29551.25
2021-12-04 17:20:00,29969.914
2021-12-04 17:40:00,29872.53
2021-12-04 18:00:00,29915.314
2021-12-04 18:20:00,29930.467
2021-12-04 18:40:00,29697.459
2021-12-04 19:00:00,29969.668
2021-12-04 19:20:00,29921.18
2021-12-04 19:40:00,29969.668
2021-12-04 20:00:00,29644.436
2021-12-04 20:20:00,29969.668
2021-12-04 20:40:00,29920.068
2021-12-04 21:00:00,29222.133
2021-12-04 21:20:00,29898.426
2021-12-04 21:40:00,29600.783
2021-12-04 22:00:00,29921.346
2021-12-04 22:20:00,29968.434
2021-12-04 22:40:00,29855.76
2021-12-04 23:00:00,29843.434
2021-12-04 23:20:00,29579.547
2021-12-04 23:40:00,29730.34
2021-12-05 00:00:00,29825.014
2021-12-05 00:20:00,29910.68
2021-12-05 00:40:00,29697.352
2021-12-05 01:00:00,29969.764
2021-12-05 01:20:00,29968.178
2021-12-05 01:40:00,29969.668
2021-12-05 02:00:00,29600.543
2021-12-05 02:20:00,29339.713
2021-12-05 02:40:00,29824.336
2021-12-05 03:00:00,29582.156
2021-12-05 03:20:00,29597.592
2021-12-05 03:40:00,29969.914
2021-12-05 04:00:00,29825.184
2021-12-05 04:20:00,29968.713
2021-12-05 04:40:00,29448.283
2021-12-05 05:00:00,29599.803
2021-12-05 05:20:00,29479.174
2021-12-05 05:40:00,29765.375
2021-12-05 06:00:00,29807.592
2021-12-05 06:20:00,29969.668
2021-12-05 06:40:00,29734.346
2021-12-05 07:00:00,29968.32
2021-12-05 07:20:00,29970.227
2021-12-05 07:40:00,29969.586
2021-12-05 08:00:00,29407.64
2021-12-05 08:20:00,29846.377
2021-12-05 08:40:00,29734.484
2021-12-05 09:00:00,29969.678
2021-12-05 09:20:00,29855.936
2021-12-05 09:40:00,29921.115
2021-12-05 10:00:00,29970.342
2021-12-05 10:20:00,29951.188
2021-12-05 10:40:00,29825.488
2021-12-05 11:00:00,29969.764
2021-12-05 11:20:00,29877.658
2021-12-05 11:40:00,29855.516
2021-12-05 12:00:00,29879.346
2021-12-05 12:20:00,29774.248
2021-12-05 12:40:00,29969.586
2021-12-05 13:00:00,29273.863
2021-12-05 13:20:00,29969.668
2021-12-05 13:40:00,29969.678
2021-12-05 14:00:00,29970.227
2021-12-05 14:20:00,29678.668
2021-12-05 14:40:00,29856.08
2021-12-05 15:00:00,29718.15
2021-12-05 15:20:00,29527.17
2021-12-05 15:40:00,29969.764
2021-12-05 16:00:00,29815.846
2021-12-05 16:20:00,29946.969
2021-12-05 16:40:00,29969.668
2021-12-05 17:00:00,29969.914
2021-12-05 17:20:00,29804.36
2021-12-05 17:40:00,29835.562
2021-12-05 18:00:00,29825.799
2021-12-05 18:20:00,29826.314
2021-12-05 18:40:00,29897.861
2021-12-05 19:00:00,29764.236
2021-12-05 19:20:00,28609.883
2021-12-05 19:40:00,29806.459
2021-12-05 20:00:00,29528.021
2021-12-05 20:20:00,29445.87
2021-12-05 20:40:00,29720.018
2021-12-05 21:00:00,29774.344
2021-12-05 21:20:00,29443.17
2021-12-05 21:40:00,29969.914
2021-12-05 22:00:00,29969.678
2021-12-05 22:20:00,29749.012
2021-12-05 22:40:00,29969.668
2021-12-05 23:00:00,29776.941
2021-12-05 23:20:00,29969.668
2021-12-05 23:40:00,29618.705
2021-12-06 00:00:00,29341.088
2021-12-06 00:20:00,29774.504
2021-12-06 00:40:00,29969.668
2021-12-06 01:00:00,29640.06
2021-12-06 01:20:00,29895.38
2021-12-06 01:40:00,29580.775
2021-12-06 02:00:00,29914.348
2021-12-06 02:20:00,29969.764
2021-12-06 02:40:00,29969.668
2021-12-06 03:00:00,29478.285
2021-12-06 03:20:00,29749.166
2021-12-06 03:40:00,29878.873
2021-12-06 04:00:00,29697.1
2021-12-06 04:20:00,29384.764
2021-12-06 04:40:00,29970.227
2021-12-06 05:00:00,29969.678
2021-12-06 05:20:00,29855.94
2021-12-06 05:40:00,29490.94
2021-12-06 06:00:00,29696.82
2021-12-06 06:20:00,29872.625
2021-12-06 06:40:00,29384.756
2021-12-06 07:00:00,29969.668
2021-12-06 07:20:00,29696.934
2021-12-06 07:40:00,29914.342
2021-12-06 08:00:00,29879.027
2021-12-06 08:20:00,29872.39
2021-12-06 08:40:00,29521.902
2021-12-06 09:00:00,29581.729
2021-12-06 09:20:00,29679.191
2021-12-06 09:40:00,29921.516
2021-12-06 10:00:00,29969.678
2021-12-06 10:20:00,29968.178
2021-12-06 10:40:00,29895.54
2021-12-06 11:00:00,29872.8
2021-12-06 11:20:00,29969.668
2021-12-06 11:40:00,29223.256
2021-12-06 12:00:00,29872.318
2021-12-06 12:20:00,29618.152
2021-12-06 12:40:00,29510.111
2021-12-06 13:00:00,29640.016
2021-12-06 13:20:00,29271.467
2021-12-06 13:40:00,29942.566
2021-12-06 14:00:00,29969.652
2021-12-06 14:20:00,29969.668
2021-12-06 14:40:00,29675.248
2021-12-06 15:00:00,29969.914
2021-12-06 15:20:00,29950.977
2021-12-06 15:40:00,29872.76
2021-12-06 16:00:00,29774.258
2021-12-06 16:20:00,29969.668
2021-12-06 16:40:00,29969.678
2021-12-06 17:00:00,29898.105
2021-12-06 17:20:00,29804.75
2021-12-06 17:40:00,29774.488
2021-12-06 18:00:00,29735.797
2021-12-06 18:20:00,29618.797
2021-12-06 18:40:00,29969.764
2021-12-06 19:00:00,29969.764
2021-12-06 19:20:00,29805.87
2021-12-06 19:40:00,29847.562
2021-12-06 20:00:00,29597.027
2021-12-06 20:20:00,29734.484
2021-12-06 20:40:00,29969.668
2021-12-06 21:00:00,29764.227
2021-12-06 21:20:00,29969.678
2021-12-06 21:40:00,29970.299
2021-12-06 22:00:00,29969.668
2021-12-06 22:20:00,29803.996
2021-12-06 22:40:00,29968.453
2021-12-06 23:00:00,29872.56
2021-12-06 23:20:00,29943.766
2021-12-06 23:40:00,29697.516
